[
{
  "model": "auth.permission",
  "pk": 1,
  "fields": {
    "name": "Can add log entry",
    "content_type": 1,
    "codename": "add_logentry"
  }
},
{
  "model": "auth.permission",
  "pk": 2,
  "fields": {
    "name": "Can change log entry",
    "content_type": 1,
    "codename": "change_logentry"
  }
},
{
  "model": "auth.permission",
  "pk": 3,
  "fields": {
    "name": "Can delete log entry",
    "content_type": 1,
    "codename": "delete_logentry"
  }
},
{
  "model": "auth.permission",
  "pk": 4,
  "fields": {
    "name": "Can view log entry",
    "content_type": 1,
    "codename": "view_logentry"
  }
},
{
  "model": "auth.permission",
  "pk": 5,
  "fields": {
    "name": "Can add permission",
    "content_type": 2,
    "codename": "add_permission"
  }
},
{
  "model": "auth.permission",
  "pk": 6,
  "fields": {
    "name": "Can change permission",
    "content_type": 2,
    "codename": "change_permission"
  }
},
{
  "model": "auth.permission",
  "pk": 7,
  "fields": {
    "name": "Can delete permission",
    "content_type": 2,
    "codename": "delete_permission"
  }
},
{
  "model": "auth.permission",
  "pk": 8,
  "fields": {
    "name": "Can view permission",
    "content_type": 2,
    "codename": "view_permission"
  }
},
{
  "model": "auth.permission",
  "pk": 9,
  "fields": {
    "name": "Can add group",
    "content_type": 3,
    "codename": "add_group"
  }
},
{
  "model": "auth.permission",
  "pk": 10,
  "fields": {
    "name": "Can change group",
    "content_type": 3,
    "codename": "change_group"
  }
},
{
  "model": "auth.permission",
  "pk": 11,
  "fields": {
    "name": "Can delete group",
    "content_type": 3,
    "codename": "delete_group"
  }
},
{
  "model": "auth.permission",
  "pk": 12,
  "fields": {
    "name": "Can view group",
    "content_type": 3,
    "codename": "view_group"
  }
},
{
  "model": "auth.permission",
  "pk": 13,
  "fields": {
    "name": "Can add content type",
    "content_type": 4,
    "codename": "add_contenttype"
  }
},
{
  "model": "auth.permission",
  "pk": 14,
  "fields": {
    "name": "Can change content type",
    "content_type": 4,
    "codename": "change_contenttype"
  }
},
{
  "model": "auth.permission",
  "pk": 15,
  "fields": {
    "name": "Can delete content type",
    "content_type": 4,
    "codename": "delete_contenttype"
  }
},
{
  "model": "auth.permission",
  "pk": 16,
  "fields": {
    "name": "Can view content type",
    "content_type": 4,
    "codename": "view_contenttype"
  }
},
{
  "model": "auth.permission",
  "pk": 17,
  "fields": {
    "name": "Can add session",
    "content_type": 5,
    "codename": "add_session"
  }
},
{
  "model": "auth.permission",
  "pk": 18,
  "fields": {
    "name": "Can change session",
    "content_type": 5,
    "codename": "change_session"
  }
},
{
  "model": "auth.permission",
  "pk": 19,
  "fields": {
    "name": "Can delete session",
    "content_type": 5,
    "codename": "delete_session"
  }
},
{
  "model": "auth.permission",
  "pk": 20,
  "fields": {
    "name": "Can view session",
    "content_type": 5,
    "codename": "view_session"
  }
},
{
  "model": "auth.permission",
  "pk": 21,
  "fields": {
    "name": "Can add blacklisted token",
    "content_type": 6,
    "codename": "add_blacklistedtoken"
  }
},
{
  "model": "auth.permission",
  "pk": 22,
  "fields": {
    "name": "Can change blacklisted token",
    "content_type": 6,
    "codename": "change_blacklistedtoken"
  }
},
{
  "model": "auth.permission",
  "pk": 23,
  "fields": {
    "name": "Can delete blacklisted token",
    "content_type": 6,
    "codename": "delete_blacklistedtoken"
  }
},
{
  "model": "auth.permission",
  "pk": 24,
  "fields": {
    "name": "Can view blacklisted token",
    "content_type": 6,
    "codename": "view_blacklistedtoken"
  }
},
{
  "model": "auth.permission",
  "pk": 25,
  "fields": {
    "name": "Can add outstanding token",
    "content_type": 7,
    "codename": "add_outstandingtoken"
  }
},
{
  "model": "auth.permission",
  "pk": 26,
  "fields": {
    "name": "Can change outstanding token",
    "content_type": 7,
    "codename": "change_outstandingtoken"
  }
},
{
  "model": "auth.permission",
  "pk": 27,
  "fields": {
    "name": "Can delete outstanding token",
    "content_type": 7,
    "codename": "delete_outstandingtoken"
  }
},
{
  "model": "auth.permission",
  "pk": 28,
  "fields": {
    "name": "Can view outstanding token",
    "content_type": 7,
    "codename": "view_outstandingtoken"
  }
},
{
  "model": "auth.permission",
  "pk": 29,
  "fields": {
    "name": "Can add Категория",
    "content_type": 8,
    "codename": "add_category"
  }
},
{
  "model": "auth.permission",
  "pk": 30,
  "fields": {
    "name": "Can change Категория",
    "content_type": 8,
    "codename": "change_category"
  }
},
{
  "model": "auth.permission",
  "pk": 31,
  "fields": {
    "name": "Can delete Категория",
    "content_type": 8,
    "codename": "delete_category"
  }
},
{
  "model": "auth.permission",
  "pk": 32,
  "fields": {
    "name": "Can view Категория",
    "content_type": 8,
    "codename": "view_category"
  }
},
{
  "model": "auth.permission",
  "pk": 33,
  "fields": {
    "name": "Can add Акция",
    "content_type": 9,
    "codename": "add_promotion"
  }
},
{
  "model": "auth.permission",
  "pk": 34,
  "fields": {
    "name": "Can change Акция",
    "content_type": 9,
    "codename": "change_promotion"
  }
},
{
  "model": "auth.permission",
  "pk": 35,
  "fields": {
    "name": "Can delete Акция",
    "content_type": 9,
    "codename": "delete_promotion"
  }
},
{
  "model": "auth.permission",
  "pk": 36,
  "fields": {
    "name": "Can view Акция",
    "content_type": 9,
    "codename": "view_promotion"
  }
},
{
  "model": "auth.permission",
  "pk": 37,
  "fields": {
    "name": "Can add Товар",
    "content_type": 10,
    "codename": "add_product"
  }
},
{
  "model": "auth.permission",
  "pk": 38,
  "fields": {
    "name": "Can change Товар",
    "content_type": 10,
    "codename": "change_product"
  }
},
{
  "model": "auth.permission",
  "pk": 39,
  "fields": {
    "name": "Can delete Товар",
    "content_type": 10,
    "codename": "delete_product"
  }
},
{
  "model": "auth.permission",
  "pk": 40,
  "fields": {
    "name": "Can view Товар",
    "content_type": 10,
    "codename": "view_product"
  }
},
{
  "model": "auth.permission",
  "pk": 41,
  "fields": {
    "name": "Can add Размеры",
    "content_type": 11,
    "codename": "add_productsize"
  }
},
{
  "model": "auth.permission",
  "pk": 42,
  "fields": {
    "name": "Can change Размеры",
    "content_type": 11,
    "codename": "change_productsize"
  }
},
{
  "model": "auth.permission",
  "pk": 43,
  "fields": {
    "name": "Can delete Размеры",
    "content_type": 11,
    "codename": "delete_productsize"
  }
},
{
  "model": "auth.permission",
  "pk": 44,
  "fields": {
    "name": "Can view Размеры",
    "content_type": 11,
    "codename": "view_productsize"
  }
},
{
  "model": "auth.permission",
  "pk": 45,
  "fields": {
    "name": "Can add Баннер",
    "content_type": 12,
    "codename": "add_banner"
  }
},
{
  "model": "auth.permission",
  "pk": 46,
  "fields": {
    "name": "Can change Баннер",
    "content_type": 12,
    "codename": "change_banner"
  }
},
{
  "model": "auth.permission",
  "pk": 47,
  "fields": {
    "name": "Can delete Баннер",
    "content_type": 12,
    "codename": "delete_banner"
  }
},
{
  "model": "auth.permission",
  "pk": 48,
  "fields": {
    "name": "Can view Баннер",
    "content_type": 12,
    "codename": "view_banner"
  }
},
{
  "model": "auth.permission",
  "pk": 49,
  "fields": {
    "name": "Can add email log",
    "content_type": 13,
    "codename": "add_emaillog"
  }
},
{
  "model": "auth.permission",
  "pk": 50,
  "fields": {
    "name": "Can change email log",
    "content_type": 13,
    "codename": "change_emaillog"
  }
},
{
  "model": "auth.permission",
  "pk": 51,
  "fields": {
    "name": "Can delete email log",
    "content_type": 13,
    "codename": "delete_emaillog"
  }
},
{
  "model": "auth.permission",
  "pk": 52,
  "fields": {
    "name": "Can view email log",
    "content_type": 13,
    "codename": "view_emaillog"
  }
},
{
  "model": "auth.permission",
  "pk": 53,
  "fields": {
    "name": "Can add user",
    "content_type": 14,
    "codename": "add_dimokuser"
  }
},
{
  "model": "auth.permission",
  "pk": 54,
  "fields": {
    "name": "Can change user",
    "content_type": 14,
    "codename": "change_dimokuser"
  }
},
{
  "model": "auth.permission",
  "pk": 55,
  "fields": {
    "name": "Can delete user",
    "content_type": 14,
    "codename": "delete_dimokuser"
  }
},
{
  "model": "auth.permission",
  "pk": 56,
  "fields": {
    "name": "Can view user",
    "content_type": 14,
    "codename": "view_dimokuser"
  }
},
{
  "model": "auth.permission",
  "pk": 57,
  "fields": {
    "name": "Can add cart",
    "content_type": 15,
    "codename": "add_cart"
  }
},
{
  "model": "auth.permission",
  "pk": 58,
  "fields": {
    "name": "Can change cart",
    "content_type": 15,
    "codename": "change_cart"
  }
},
{
  "model": "auth.permission",
  "pk": 59,
  "fields": {
    "name": "Can delete cart",
    "content_type": 15,
    "codename": "delete_cart"
  }
},
{
  "model": "auth.permission",
  "pk": 60,
  "fields": {
    "name": "Can view cart",
    "content_type": 15,
    "codename": "view_cart"
  }
},
{
  "model": "auth.permission",
  "pk": 61,
  "fields": {
    "name": "Can add cart item",
    "content_type": 16,
    "codename": "add_cartitem"
  }
},
{
  "model": "auth.permission",
  "pk": 62,
  "fields": {
    "name": "Can change cart item",
    "content_type": 16,
    "codename": "change_cartitem"
  }
},
{
  "model": "auth.permission",
  "pk": 63,
  "fields": {
    "name": "Can delete cart item",
    "content_type": 16,
    "codename": "delete_cartitem"
  }
},
{
  "model": "auth.permission",
  "pk": 64,
  "fields": {
    "name": "Can view cart item",
    "content_type": 16,
    "codename": "view_cartitem"
  }
},
{
  "model": "auth.permission",
  "pk": 65,
  "fields": {
    "name": "Can add Заказ",
    "content_type": 17,
    "codename": "add_order"
  }
},
{
  "model": "auth.permission",
  "pk": 66,
  "fields": {
    "name": "Can change Заказ",
    "content_type": 17,
    "codename": "change_order"
  }
},
{
  "model": "auth.permission",
  "pk": 67,
  "fields": {
    "name": "Can delete Заказ",
    "content_type": 17,
    "codename": "delete_order"
  }
},
{
  "model": "auth.permission",
  "pk": 68,
  "fields": {
    "name": "Can view Заказ",
    "content_type": 17,
    "codename": "view_order"
  }
},
{
  "model": "auth.permission",
  "pk": 69,
  "fields": {
    "name": "Can add Товар",
    "content_type": 18,
    "codename": "add_orderitem"
  }
},
{
  "model": "auth.permission",
  "pk": 70,
  "fields": {
    "name": "Can change Товар",
    "content_type": 18,
    "codename": "change_orderitem"
  }
},
{
  "model": "auth.permission",
  "pk": 71,
  "fields": {
    "name": "Can delete Товар",
    "content_type": 18,
    "codename": "delete_orderitem"
  }
},
{
  "model": "auth.permission",
  "pk": 72,
  "fields": {
    "name": "Can view Товар",
    "content_type": 18,
    "codename": "view_orderitem"
  }
},
{
  "model": "contenttypes.contenttype",
  "pk": 1,
  "fields": {
    "app_label": "admin",
    "model": "logentry"
  }
},
{
  "model": "contenttypes.contenttype",
  "pk": 2,
  "fields": {
    "app_label": "auth",
    "model": "permission"
  }
},
{
  "model": "contenttypes.contenttype",
  "pk": 3,
  "fields": {
    "app_label": "auth",
    "model": "group"
  }
},
{
  "model": "contenttypes.contenttype",
  "pk": 4,
  "fields": {
    "app_label": "contenttypes",
    "model": "contenttype"
  }
},
{
  "model": "contenttypes.contenttype",
  "pk": 5,
  "fields": {
    "app_label": "sessions",
    "model": "session"
  }
},
{
  "model": "contenttypes.contenttype",
  "pk": 6,
  "fields": {
    "app_label": "token_blacklist",
    "model": "blacklistedtoken"
  }
},
{
  "model": "contenttypes.contenttype",
  "pk": 7,
  "fields": {
    "app_label": "token_blacklist",
    "model": "outstandingtoken"
  }
},
{
  "model": "contenttypes.contenttype",
  "pk": 8,
  "fields": {
    "app_label": "products",
    "model": "category"
  }
},
{
  "model": "contenttypes.contenttype",
  "pk": 9,
  "fields": {
    "app_label": "products",
    "model": "promotion"
  }
},
{
  "model": "contenttypes.contenttype",
  "pk": 10,
  "fields": {
    "app_label": "products",
    "model": "product"
  }
},
{
  "model": "contenttypes.contenttype",
  "pk": 11,
  "fields": {
    "app_label": "products",
    "model": "productsize"
  }
},
{
  "model": "contenttypes.contenttype",
  "pk": 12,
  "fields": {
    "app_label": "products",
    "model": "banner"
  }
},
{
  "model": "contenttypes.contenttype",
  "pk": 13,
  "fields": {
    "app_label": "users",
    "model": "emaillog"
  }
},
{
  "model": "contenttypes.contenttype",
  "pk": 14,
  "fields": {
    "app_label": "users",
    "model": "dimokuser"
  }
},
{
  "model": "contenttypes.contenttype",
  "pk": 15,
  "fields": {
    "app_label": "cart",
    "model": "cart"
  }
},
{
  "model": "contenttypes.contenttype",
  "pk": 16,
  "fields": {
    "app_label": "cart",
    "model": "cartitem"
  }
},
{
  "model": "contenttypes.contenttype",
  "pk": 17,
  "fields": {
    "app_label": "orders",
    "model": "order"
  }
},
{
  "model": "contenttypes.contenttype",
  "pk": 18,
  "fields": {
    "app_label": "orders",
    "model": "orderitem"
  }
},
{
  "model": "sessions.session",
  "pk": "9nowr04113e2n2tcpeqdy865md9uqsm0",
  "fields": {
    "session_data": "e30:1tz9fl:oVn4qTUrgJSyYxREfODGODDpIXKJFgKAUG65qxW4qzE",
    "expire_date": "2025-04-07T07:35:05.606Z"
  }
},
{
  "model": "sessions.session",
  "pk": "enrfjeho3aajvoeoxtzs29w4i94oqxrw",
  "fields": {
    "session_data": "eyJjYXJ0Ijp7fX0:1tz9fn:Lpeh99ToldbF0sfwJ4G2UlnZLAQiG_9VvYxm5r2qwUg",
    "expire_date": "2025-04-07T07:35:07.447Z"
  }
},
{
  "model": "sessions.session",
  "pk": "ilpy2dfc0p6uqs6xdhd9i6c0ziwf98s3",
  "fields": {
    "session_data": "e30:1tz9fl:oVn4qTUrgJSyYxREfODGODDpIXKJFgKAUG65qxW4qzE",
    "expire_date": "2025-04-07T07:35:05.647Z"
  }
},
{
  "model": "sessions.session",
  "pk": "m5y0wl1bmm50u680hk58qwf7q7sacfsg",
  "fields": {
    "session_data": "e30:1tz9fl:oVn4qTUrgJSyYxREfODGODDpIXKJFgKAUG65qxW4qzE",
    "expire_date": "2025-04-07T07:35:05.688Z"
  }
},
{
  "model": "sessions.session",
  "pk": "sjlerkfq6eoem4f5harvkfqhd88coibj",
  "fields": {
    "session_data": "e30:1tz9fl:oVn4qTUrgJSyYxREfODGODDpIXKJFgKAUG65qxW4qzE",
    "expire_date": "2025-04-07T07:35:05.728Z"
  }
},
{
  "model": "sessions.session",
  "pk": "u28u53n2p9k0vmw4s184yuvpjq455w5v",
  "fields": {
    "session_data": "eyJjYXJ0Ijp7fX0:1tzB4w:GrmwbeVlSWWFzI0_LtZWsvEn5ixNH0v2_BuePJmpins",
    "expire_date": "2025-04-07T09:05:10.754Z"
  }
},
{
  "model": "products.category",
  "pk": 1,
  "fields": {
    "name": "Пицца",
    "description": "Классическая итальянская пицца с различными начинками."
  }
},
{
  "model": "products.category",
  "pk": 2,
  "fields": {
    "name": "Суши",
    "description": "Свежие суши, роллы и другие японские деликатесы."
  }
},
{
  "model": "products.category",
  "pk": 3,
  "fields": {
    "name": "Горячее",
    "description": "Горячие блюда, такие как паста, стейки и другие."
  }
},
{
  "model": "products.category",
  "pk": 4,
  "fields": {
    "name": "Напитки",
    "description": "Освежающие напитки для любого вкуса."
  }
},
{
  "model": "products.category",
  "pk": 5,
  "fields": {
    "name": "Десерты",
    "description": "Сладкие блюда для завершения трапезы."
  }
},
{
  "model": "products.category",
  "pk": 6,
  "fields": {
    "name": "Салаты",
    "description": "Свежие овощные и мясные салаты."
  }
},
{
  "model": "products.category",
  "pk": 7,
  "fields": {
    "name": "Закуски",
    "description": "Легкие закуски для любого случая."
  }
},
{
  "model": "products.category",
  "pk": 8,
  "fields": {
    "name": "Супы",
    "description": "Горячие и холодные супы."
  }
},
{
  "model": "products.category",
  "pk": 9,
  "fields": {
    "name": "Бургеры",
    "description": "Сочные бургеры с различными начинками."
  }
},
{
  "model": "products.category",
  "pk": 10,
  "fields": {
    "name": "Хот-доги",
    "description": "Вкусные хот-доги с разными соусами."
  }
},
{
  "model": "products.category",
  "pk": 11,
  "fields": {
    "name": "Шашлыки",
    "description": "Мясо и овощи, приготовленные на гриле."
  }
},
{
  "model": "products.category",
  "pk": 12,
  "fields": {
    "name": "Морепродукты",
    "description": "Блюда из свежих морепродуктов."
  }
},
{
  "model": "products.category",
  "pk": 13,
  "fields": {
    "name": "Веганские блюда",
    "description": "Полностью растительные блюда."
  }
},
{
  "model": "products.category",
  "pk": 14,
  "fields": {
    "name": "Завтраки",
    "description": "Полезные и вкусные завтраки."
  }
},
{
  "model": "products.productsize",
  "pk": 1,
  "fields": {
    "product": 1,
    "size": "25 см",
    "price": "300",
    "grammas": 500
  }
},
{
  "model": "products.productsize",
  "pk": 2,
  "fields": {
    "product": 1,
    "size": "30 см",
    "price": "400",
    "grammas": 500
  }
},
{
  "model": "products.productsize",
  "pk": 3,
  "fields": {
    "product": 2,
    "size": "25 см",
    "price": "250",
    "grammas": 450
  }
},
{
  "model": "products.productsize",
  "pk": 4,
  "fields": {
    "product": 2,
    "size": "30 см",
    "price": "350",
    "grammas": 450
  }
},
{
  "model": "products.productsize",
  "pk": 5,
  "fields": {
    "product": 3,
    "size": "25 см",
    "price": "330",
    "grammas": 480
  }
},
{
  "model": "products.productsize",
  "pk": 6,
  "fields": {
    "product": 3,
    "size": "30 см",
    "price": "430",
    "grammas": 480
  }
},
{
  "model": "products.productsize",
  "pk": 7,
  "fields": {
    "product": 4,
    "size": "25 см",
    "price": "380",
    "grammas": 520
  }
},
{
  "model": "products.productsize",
  "pk": 8,
  "fields": {
    "product": 4,
    "size": "30 см",
    "price": "480",
    "grammas": 520
  }
},
{
  "model": "products.productsize",
  "pk": 9,
  "fields": {
    "product": 5,
    "size": "25 см",
    "price": "450",
    "grammas": 550
  }
},
{
  "model": "products.productsize",
  "pk": 10,
  "fields": {
    "product": 5,
    "size": "30 см",
    "price": "550",
    "grammas": 550
  }
},
{
  "model": "products.productsize",
  "pk": 11,
  "fields": {
    "product": 6,
    "size": "10 шт.",
    "price": "450",
    "grammas": 200
  }
},
{
  "model": "products.productsize",
  "pk": 12,
  "fields": {
    "product": 7,
    "size": "8 шт.",
    "price": "400",
    "grammas": 180
  }
},
{
  "model": "products.productsize",
  "pk": 13,
  "fields": {
    "product": 8,
    "size": "8 шт.",
    "price": "480",
    "grammas": 220
  }
},
{
  "model": "products.productsize",
  "pk": 14,
  "fields": {
    "product": 9,
    "size": "6 шт.",
    "price": "500",
    "grammas": 210
  }
},
{
  "model": "products.productsize",
  "pk": 15,
  "fields": {
    "product": 10,
    "size": "6 шт.",
    "price": "550",
    "grammas": 230
  }
},
{
  "model": "products.productsize",
  "pk": 16,
  "fields": {
    "product": 11,
    "size": "1 порция",
    "price": "500",
    "grammas": 350
  }
},
{
  "model": "products.productsize",
  "pk": 17,
  "fields": {
    "product": 12,
    "size": "1 порция",
    "price": "700",
    "grammas": 400
  }
},
{
  "model": "products.productsize",
  "pk": 18,
  "fields": {
    "product": 13,
    "size": "1 порция",
    "price": "550",
    "grammas": 380
  }
},
{
  "model": "products.productsize",
  "pk": 19,
  "fields": {
    "product": 14,
    "size": "1 порция",
    "price": "600",
    "grammas": 420
  }
},
{
  "model": "products.productsize",
  "pk": 20,
  "fields": {
    "product": 15,
    "size": "0.5 л",
    "price": "100",
    "grammas": 500
  }
},
{
  "model": "products.productsize",
  "pk": 21,
  "fields": {
    "product": 16,
    "size": "0.5 л",
    "price": "120",
    "grammas": 500
  }
},
{
  "model": "products.productsize",
  "pk": 22,
  "fields": {
    "product": 17,
    "size": "0.5 л",
    "price": "80",
    "grammas": 500
  }
},
{
  "model": "products.productsize",
  "pk": 23,
  "fields": {
    "product": 18,
    "size": "1 порция",
    "price": "70",
    "grammas": 250
  }
},
{
  "model": "products.productsize",
  "pk": 24,
  "fields": {
    "product": 19,
    "size": "1 порция",
    "price": "150",
    "grammas": 150
  }
},
{
  "model": "products.productsize",
  "pk": 25,
  "fields": {
    "product": 20,
    "size": "1 порция",
    "price": "180",
    "grammas": 200
  }
},
{
  "model": "products.productsize",
  "pk": 26,
  "fields": {
    "product": 21,
    "size": "1 порция",
    "price": "170",
    "grammas": 180
  }
},
{
  "model": "products.productsize",
  "pk": 27,
  "fields": {
    "product": 22,
    "size": "1 порция",
    "price": "160",
    "grammas": 170
  }
},
{
  "model": "products.productsize",
  "pk": 28,
  "fields": {
    "product": 23,
    "size": "Маленький",
    "price": "559",
    "grammas": 469
  }
},
{
  "model": "products.productsize",
  "pk": 29,
  "fields": {
    "product": 23,
    "size": "Средний",
    "price": "495",
    "grammas": 456
  }
},
{
  "model": "products.productsize",
  "pk": 30,
  "fields": {
    "product": 23,
    "size": "Большой",
    "price": "572",
    "grammas": 330
  }
},
{
  "model": "products.productsize",
  "pk": 31,
  "fields": {
    "product": 24,
    "size": "Маленький",
    "price": "382",
    "grammas": 647
  }
},
{
  "model": "products.productsize",
  "pk": 32,
  "fields": {
    "product": 24,
    "size": "Средний",
    "price": "409",
    "grammas": 225
  }
},
{
  "model": "products.productsize",
  "pk": 33,
  "fields": {
    "product": 24,
    "size": "Большой",
    "price": "390",
    "grammas": 341
  }
},
{
  "model": "products.productsize",
  "pk": 34,
  "fields": {
    "product": 25,
    "size": "Маленький",
    "price": "835",
    "grammas": 476
  }
},
{
  "model": "products.productsize",
  "pk": 35,
  "fields": {
    "product": 25,
    "size": "Средний",
    "price": "903",
    "grammas": 542
  }
},
{
  "model": "products.productsize",
  "pk": 36,
  "fields": {
    "product": 25,
    "size": "Большой",
    "price": "895",
    "grammas": 639
  }
},
{
  "model": "products.productsize",
  "pk": 37,
  "fields": {
    "product": 26,
    "size": "Маленький",
    "price": "679",
    "grammas": 305
  }
},
{
  "model": "products.productsize",
  "pk": 38,
  "fields": {
    "product": 26,
    "size": "Средний",
    "price": "730",
    "grammas": 243
  }
},
{
  "model": "products.productsize",
  "pk": 39,
  "fields": {
    "product": 26,
    "size": "Большой",
    "price": "779",
    "grammas": 446
  }
},
{
  "model": "products.productsize",
  "pk": 40,
  "fields": {
    "product": 27,
    "size": "Маленький",
    "price": "623",
    "grammas": 407
  }
},
{
  "model": "products.productsize",
  "pk": 41,
  "fields": {
    "product": 27,
    "size": "Средний",
    "price": "683",
    "grammas": 498
  }
},
{
  "model": "products.productsize",
  "pk": 42,
  "fields": {
    "product": 27,
    "size": "Большой",
    "price": "603",
    "grammas": 338
  }
},
{
  "model": "products.productsize",
  "pk": 43,
  "fields": {
    "product": 28,
    "size": "Маленький",
    "price": "403",
    "grammas": 211
  }
},
{
  "model": "products.productsize",
  "pk": 44,
  "fields": {
    "product": 28,
    "size": "Средний",
    "price": "384",
    "grammas": 408
  }
},
{
  "model": "products.productsize",
  "pk": 45,
  "fields": {
    "product": 28,
    "size": "Большой",
    "price": "399",
    "grammas": 279
  }
},
{
  "model": "products.productsize",
  "pk": 46,
  "fields": {
    "product": 29,
    "size": "Маленький",
    "price": "533",
    "grammas": 450
  }
},
{
  "model": "products.productsize",
  "pk": 47,
  "fields": {
    "product": 29,
    "size": "Средний",
    "price": "498",
    "grammas": 523
  }
},
{
  "model": "products.productsize",
  "pk": 48,
  "fields": {
    "product": 29,
    "size": "Большой",
    "price": "468",
    "grammas": 619
  }
},
{
  "model": "products.productsize",
  "pk": 49,
  "fields": {
    "product": 30,
    "size": "Маленький",
    "price": "765",
    "grammas": 514
  }
},
{
  "model": "products.productsize",
  "pk": 50,
  "fields": {
    "product": 30,
    "size": "Средний",
    "price": "723",
    "grammas": 695
  }
},
{
  "model": "products.productsize",
  "pk": 51,
  "fields": {
    "product": 30,
    "size": "Большой",
    "price": "794",
    "grammas": 177
  }
},
{
  "model": "products.productsize",
  "pk": 52,
  "fields": {
    "product": 31,
    "size": "Маленький",
    "price": "363",
    "grammas": 246
  }
},
{
  "model": "products.productsize",
  "pk": 53,
  "fields": {
    "product": 31,
    "size": "Средний",
    "price": "444",
    "grammas": 384
  }
},
{
  "model": "products.productsize",
  "pk": 54,
  "fields": {
    "product": 31,
    "size": "Большой",
    "price": "369",
    "grammas": 495
  }
},
{
  "model": "products.productsize",
  "pk": 55,
  "fields": {
    "product": 32,
    "size": "Маленький",
    "price": "582",
    "grammas": 339
  }
},
{
  "model": "products.productsize",
  "pk": 56,
  "fields": {
    "product": 32,
    "size": "Средний",
    "price": "685",
    "grammas": 658
  }
},
{
  "model": "products.productsize",
  "pk": 57,
  "fields": {
    "product": 32,
    "size": "Большой",
    "price": "629",
    "grammas": 402
  }
},
{
  "model": "products.productsize",
  "pk": 58,
  "fields": {
    "product": 33,
    "size": "Маленький",
    "price": "887",
    "grammas": 443
  }
},
{
  "model": "products.productsize",
  "pk": 59,
  "fields": {
    "product": 33,
    "size": "Средний",
    "price": "890",
    "grammas": 270
  }
},
{
  "model": "products.productsize",
  "pk": 60,
  "fields": {
    "product": 33,
    "size": "Большой",
    "price": "843",
    "grammas": 523
  }
},
{
  "model": "products.productsize",
  "pk": 61,
  "fields": {
    "product": 34,
    "size": "Маленький",
    "price": "576",
    "grammas": 566
  }
},
{
  "model": "products.productsize",
  "pk": 62,
  "fields": {
    "product": 34,
    "size": "Средний",
    "price": "655",
    "grammas": 263
  }
},
{
  "model": "products.productsize",
  "pk": 63,
  "fields": {
    "product": 34,
    "size": "Большой",
    "price": "557",
    "grammas": 657
  }
},
{
  "model": "products.productsize",
  "pk": 64,
  "fields": {
    "product": 35,
    "size": "Маленький",
    "price": "743",
    "grammas": 197
  }
},
{
  "model": "products.productsize",
  "pk": 65,
  "fields": {
    "product": 35,
    "size": "Средний",
    "price": "723",
    "grammas": 304
  }
},
{
  "model": "products.productsize",
  "pk": 66,
  "fields": {
    "product": 35,
    "size": "Большой",
    "price": "762",
    "grammas": 187
  }
},
{
  "model": "products.productsize",
  "pk": 67,
  "fields": {
    "product": 36,
    "size": "Маленький",
    "price": "428",
    "grammas": 650
  }
},
{
  "model": "products.productsize",
  "pk": 68,
  "fields": {
    "product": 36,
    "size": "Средний",
    "price": "505",
    "grammas": 359
  }
},
{
  "model": "products.productsize",
  "pk": 69,
  "fields": {
    "product": 36,
    "size": "Большой",
    "price": "464",
    "grammas": 375
  }
},
{
  "model": "products.productsize",
  "pk": 70,
  "fields": {
    "product": 37,
    "size": "Маленький",
    "price": "793",
    "grammas": 151
  }
},
{
  "model": "products.productsize",
  "pk": 71,
  "fields": {
    "product": 37,
    "size": "Средний",
    "price": "811",
    "grammas": 247
  }
},
{
  "model": "products.productsize",
  "pk": 72,
  "fields": {
    "product": 37,
    "size": "Большой",
    "price": "812",
    "grammas": 693
  }
},
{
  "model": "products.productsize",
  "pk": 73,
  "fields": {
    "product": 38,
    "size": "Маленький",
    "price": "799",
    "grammas": 500
  }
},
{
  "model": "products.productsize",
  "pk": 74,
  "fields": {
    "product": 38,
    "size": "Средний",
    "price": "770",
    "grammas": 241
  }
},
{
  "model": "products.productsize",
  "pk": 75,
  "fields": {
    "product": 38,
    "size": "Большой",
    "price": "716",
    "grammas": 599
  }
},
{
  "model": "products.productsize",
  "pk": 76,
  "fields": {
    "product": 39,
    "size": "Маленький",
    "price": "307",
    "grammas": 457
  }
},
{
  "model": "products.productsize",
  "pk": 77,
  "fields": {
    "product": 39,
    "size": "Средний",
    "price": "339",
    "grammas": 316
  }
},
{
  "model": "products.productsize",
  "pk": 78,
  "fields": {
    "product": 39,
    "size": "Большой",
    "price": "353",
    "grammas": 460
  }
},
{
  "model": "products.productsize",
  "pk": 79,
  "fields": {
    "product": 40,
    "size": "Маленький",
    "price": "596",
    "grammas": 692
  }
},
{
  "model": "products.productsize",
  "pk": 80,
  "fields": {
    "product": 40,
    "size": "Средний",
    "price": "489",
    "grammas": 588
  }
},
{
  "model": "products.productsize",
  "pk": 81,
  "fields": {
    "product": 40,
    "size": "Большой",
    "price": "509",
    "grammas": 494
  }
},
{
  "model": "products.productsize",
  "pk": 82,
  "fields": {
    "product": 41,
    "size": "Маленький",
    "price": "335",
    "grammas": 213
  }
},
{
  "model": "products.productsize",
  "pk": 83,
  "fields": {
    "product": 41,
    "size": "Средний",
    "price": "336",
    "grammas": 507
  }
},
{
  "model": "products.productsize",
  "pk": 84,
  "fields": {
    "product": 41,
    "size": "Большой",
    "price": "360",
    "grammas": 479
  }
},
{
  "model": "products.productsize",
  "pk": 85,
  "fields": {
    "product": 42,
    "size": "Маленький",
    "price": "631",
    "grammas": 420
  }
},
{
  "model": "products.productsize",
  "pk": 86,
  "fields": {
    "product": 42,
    "size": "Средний",
    "price": "579",
    "grammas": 587
  }
},
{
  "model": "products.productsize",
  "pk": 87,
  "fields": {
    "product": 42,
    "size": "Большой",
    "price": "564",
    "grammas": 171
  }
},
{
  "model": "products.productsize",
  "pk": 88,
  "fields": {
    "product": 43,
    "size": "Маленький",
    "price": "337",
    "grammas": 630
  }
},
{
  "model": "products.productsize",
  "pk": 89,
  "fields": {
    "product": 43,
    "size": "Средний",
    "price": "366",
    "grammas": 154
  }
},
{
  "model": "products.productsize",
  "pk": 90,
  "fields": {
    "product": 43,
    "size": "Большой",
    "price": "379",
    "grammas": 563
  }
},
{
  "model": "products.productsize",
  "pk": 91,
  "fields": {
    "product": 44,
    "size": "Маленький",
    "price": "368",
    "grammas": 291
  }
},
{
  "model": "products.productsize",
  "pk": 92,
  "fields": {
    "product": 44,
    "size": "Средний",
    "price": "416",
    "grammas": 341
  }
},
{
  "model": "products.productsize",
  "pk": 93,
  "fields": {
    "product": 44,
    "size": "Большой",
    "price": "349",
    "grammas": 198
  }
},
{
  "model": "products.productsize",
  "pk": 94,
  "fields": {
    "product": 45,
    "size": "Маленький",
    "price": "831",
    "grammas": 660
  }
},
{
  "model": "products.productsize",
  "pk": 95,
  "fields": {
    "product": 45,
    "size": "Средний",
    "price": "807",
    "grammas": 670
  }
},
{
  "model": "products.productsize",
  "pk": 96,
  "fields": {
    "product": 45,
    "size": "Большой",
    "price": "763",
    "grammas": 651
  }
},
{
  "model": "products.productsize",
  "pk": 97,
  "fields": {
    "product": 46,
    "size": "Маленький",
    "price": "448",
    "grammas": 627
  }
},
{
  "model": "products.productsize",
  "pk": 98,
  "fields": {
    "product": 46,
    "size": "Средний",
    "price": "331",
    "grammas": 452
  }
},
{
  "model": "products.productsize",
  "pk": 99,
  "fields": {
    "product": 46,
    "size": "Большой",
    "price": "376",
    "grammas": 204
  }
},
{
  "model": "products.productsize",
  "pk": 100,
  "fields": {
    "product": 47,
    "size": "Маленький",
    "price": "949",
    "grammas": 519
  }
},
{
  "model": "products.productsize",
  "pk": 101,
  "fields": {
    "product": 47,
    "size": "Средний",
    "price": "864",
    "grammas": 377
  }
},
{
  "model": "products.productsize",
  "pk": 102,
  "fields": {
    "product": 47,
    "size": "Большой",
    "price": "850",
    "grammas": 494
  }
},
{
  "model": "products.productsize",
  "pk": 103,
  "fields": {
    "product": 48,
    "size": "Маленький",
    "price": "610",
    "grammas": 323
  }
},
{
  "model": "products.productsize",
  "pk": 104,
  "fields": {
    "product": 48,
    "size": "Средний",
    "price": "610",
    "grammas": 245
  }
},
{
  "model": "products.productsize",
  "pk": 105,
  "fields": {
    "product": 48,
    "size": "Большой",
    "price": "591",
    "grammas": 268
  }
},
{
  "model": "products.productsize",
  "pk": 106,
  "fields": {
    "product": 49,
    "size": "Маленький",
    "price": "604",
    "grammas": 353
  }
},
{
  "model": "products.productsize",
  "pk": 107,
  "fields": {
    "product": 49,
    "size": "Средний",
    "price": "687",
    "grammas": 428
  }
},
{
  "model": "products.productsize",
  "pk": 108,
  "fields": {
    "product": 49,
    "size": "Большой",
    "price": "705",
    "grammas": 506
  }
},
{
  "model": "products.productsize",
  "pk": 109,
  "fields": {
    "product": 50,
    "size": "Маленький",
    "price": "385",
    "grammas": 646
  }
},
{
  "model": "products.productsize",
  "pk": 110,
  "fields": {
    "product": 50,
    "size": "Средний",
    "price": "270",
    "grammas": 622
  }
},
{
  "model": "products.productsize",
  "pk": 111,
  "fields": {
    "product": 50,
    "size": "Большой",
    "price": "277",
    "grammas": 602
  }
},
{
  "model": "products.productsize",
  "pk": 112,
  "fields": {
    "product": 51,
    "size": "Маленький",
    "price": "615",
    "grammas": 568
  }
},
{
  "model": "products.productsize",
  "pk": 113,
  "fields": {
    "product": 51,
    "size": "Средний",
    "price": "606",
    "grammas": 656
  }
},
{
  "model": "products.productsize",
  "pk": 114,
  "fields": {
    "product": 51,
    "size": "Большой",
    "price": "536",
    "grammas": 439
  }
},
{
  "model": "products.productsize",
  "pk": 115,
  "fields": {
    "product": 52,
    "size": "Маленький",
    "price": "654",
    "grammas": 151
  }
},
{
  "model": "products.productsize",
  "pk": 116,
  "fields": {
    "product": 52,
    "size": "Средний",
    "price": "725",
    "grammas": 155
  }
},
{
  "model": "products.productsize",
  "pk": 117,
  "fields": {
    "product": 52,
    "size": "Большой",
    "price": "676",
    "grammas": 648
  }
},
{
  "model": "products.productsize",
  "pk": 118,
  "fields": {
    "product": 53,
    "size": "Маленький",
    "price": "374",
    "grammas": 168
  }
},
{
  "model": "products.productsize",
  "pk": 119,
  "fields": {
    "product": 53,
    "size": "Средний",
    "price": "304",
    "grammas": 540
  }
},
{
  "model": "products.productsize",
  "pk": 120,
  "fields": {
    "product": 53,
    "size": "Большой",
    "price": "395",
    "grammas": 615
  }
},
{
  "model": "products.productsize",
  "pk": 121,
  "fields": {
    "product": 54,
    "size": "Маленький",
    "price": "374",
    "grammas": 377
  }
},
{
  "model": "products.productsize",
  "pk": 122,
  "fields": {
    "product": 54,
    "size": "Средний",
    "price": "449",
    "grammas": 397
  }
},
{
  "model": "products.productsize",
  "pk": 123,
  "fields": {
    "product": 54,
    "size": "Большой",
    "price": "414",
    "grammas": 371
  }
},
{
  "model": "products.productsize",
  "pk": 124,
  "fields": {
    "product": 55,
    "size": "Маленький",
    "price": "871",
    "grammas": 339
  }
},
{
  "model": "products.productsize",
  "pk": 125,
  "fields": {
    "product": 55,
    "size": "Средний",
    "price": "803",
    "grammas": 278
  }
},
{
  "model": "products.productsize",
  "pk": 126,
  "fields": {
    "product": 55,
    "size": "Большой",
    "price": "821",
    "grammas": 535
  }
},
{
  "model": "products.productsize",
  "pk": 127,
  "fields": {
    "product": 56,
    "size": "Маленький",
    "price": "796",
    "grammas": 182
  }
},
{
  "model": "products.productsize",
  "pk": 128,
  "fields": {
    "product": 56,
    "size": "Средний",
    "price": "716",
    "grammas": 310
  }
},
{
  "model": "products.productsize",
  "pk": 129,
  "fields": {
    "product": 56,
    "size": "Большой",
    "price": "827",
    "grammas": 332
  }
},
{
  "model": "products.productsize",
  "pk": 130,
  "fields": {
    "product": 57,
    "size": "Маленький",
    "price": "946",
    "grammas": 407
  }
},
{
  "model": "products.productsize",
  "pk": 131,
  "fields": {
    "product": 57,
    "size": "Средний",
    "price": "921",
    "grammas": 361
  }
},
{
  "model": "products.productsize",
  "pk": 132,
  "fields": {
    "product": 57,
    "size": "Большой",
    "price": "935",
    "grammas": 292
  }
},
{
  "model": "products.productsize",
  "pk": 133,
  "fields": {
    "product": 58,
    "size": "Маленький",
    "price": "909",
    "grammas": 588
  }
},
{
  "model": "products.productsize",
  "pk": 134,
  "fields": {
    "product": 58,
    "size": "Средний",
    "price": "798",
    "grammas": 574
  }
},
{
  "model": "products.productsize",
  "pk": 135,
  "fields": {
    "product": 58,
    "size": "Большой",
    "price": "867",
    "grammas": 166
  }
},
{
  "model": "products.productsize",
  "pk": 136,
  "fields": {
    "product": 59,
    "size": "Маленький",
    "price": "820",
    "grammas": 212
  }
},
{
  "model": "products.productsize",
  "pk": 137,
  "fields": {
    "product": 59,
    "size": "Средний",
    "price": "805",
    "grammas": 643
  }
},
{
  "model": "products.productsize",
  "pk": 138,
  "fields": {
    "product": 59,
    "size": "Большой",
    "price": "790",
    "grammas": 187
  }
},
{
  "model": "products.productsize",
  "pk": 139,
  "fields": {
    "product": 60,
    "size": "Маленький",
    "price": "529",
    "grammas": 493
  }
},
{
  "model": "products.productsize",
  "pk": 140,
  "fields": {
    "product": 60,
    "size": "Средний",
    "price": "474",
    "grammas": 343
  }
},
{
  "model": "products.productsize",
  "pk": 141,
  "fields": {
    "product": 60,
    "size": "Большой",
    "price": "526",
    "grammas": 295
  }
},
{
  "model": "products.productsize",
  "pk": 142,
  "fields": {
    "product": 61,
    "size": "Маленький",
    "price": "770",
    "grammas": 554
  }
},
{
  "model": "products.productsize",
  "pk": 143,
  "fields": {
    "product": 61,
    "size": "Средний",
    "price": "731",
    "grammas": 194
  }
},
{
  "model": "products.productsize",
  "pk": 144,
  "fields": {
    "product": 61,
    "size": "Большой",
    "price": "775",
    "grammas": 277
  }
},
{
  "model": "products.productsize",
  "pk": 145,
  "fields": {
    "product": 62,
    "size": "Маленький",
    "price": "570",
    "grammas": 682
  }
},
{
  "model": "products.productsize",
  "pk": 146,
  "fields": {
    "product": 62,
    "size": "Средний",
    "price": "561",
    "grammas": 277
  }
},
{
  "model": "products.productsize",
  "pk": 147,
  "fields": {
    "product": 62,
    "size": "Большой",
    "price": "481",
    "grammas": 662
  }
},
{
  "model": "products.productsize",
  "pk": 148,
  "fields": {
    "product": 63,
    "size": "Маленький",
    "price": "624",
    "grammas": 467
  }
},
{
  "model": "products.productsize",
  "pk": 149,
  "fields": {
    "product": 63,
    "size": "Средний",
    "price": "635",
    "grammas": 200
  }
},
{
  "model": "products.productsize",
  "pk": 150,
  "fields": {
    "product": 63,
    "size": "Большой",
    "price": "653",
    "grammas": 285
  }
},
{
  "model": "products.productsize",
  "pk": 151,
  "fields": {
    "product": 64,
    "size": "Маленький",
    "price": "614",
    "grammas": 667
  }
},
{
  "model": "products.productsize",
  "pk": 152,
  "fields": {
    "product": 64,
    "size": "Средний",
    "price": "555",
    "grammas": 555
  }
},
{
  "model": "products.productsize",
  "pk": 153,
  "fields": {
    "product": 64,
    "size": "Большой",
    "price": "621",
    "grammas": 317
  }
},
{
  "model": "products.productsize",
  "pk": 154,
  "fields": {
    "product": 65,
    "size": "Маленький",
    "price": "538",
    "grammas": 651
  }
},
{
  "model": "products.productsize",
  "pk": 155,
  "fields": {
    "product": 65,
    "size": "Средний",
    "price": "565",
    "grammas": 569
  }
},
{
  "model": "products.productsize",
  "pk": 156,
  "fields": {
    "product": 65,
    "size": "Большой",
    "price": "549",
    "grammas": 311
  }
},
{
  "model": "products.productsize",
  "pk": 157,
  "fields": {
    "product": 66,
    "size": "Маленький",
    "price": "726",
    "grammas": 454
  }
},
{
  "model": "products.productsize",
  "pk": 158,
  "fields": {
    "product": 66,
    "size": "Средний",
    "price": "748",
    "grammas": 429
  }
},
{
  "model": "products.productsize",
  "pk": 159,
  "fields": {
    "product": 66,
    "size": "Большой",
    "price": "800",
    "grammas": 570
  }
},
{
  "model": "products.productsize",
  "pk": 160,
  "fields": {
    "product": 67,
    "size": "Маленький",
    "price": "476",
    "grammas": 452
  }
},
{
  "model": "products.productsize",
  "pk": 161,
  "fields": {
    "product": 67,
    "size": "Средний",
    "price": "445",
    "grammas": 519
  }
},
{
  "model": "products.productsize",
  "pk": 162,
  "fields": {
    "product": 67,
    "size": "Большой",
    "price": "411",
    "grammas": 617
  }
},
{
  "model": "products.productsize",
  "pk": 163,
  "fields": {
    "product": 68,
    "size": "Маленький",
    "price": "826",
    "grammas": 688
  }
},
{
  "model": "products.productsize",
  "pk": 164,
  "fields": {
    "product": 68,
    "size": "Средний",
    "price": "795",
    "grammas": 322
  }
},
{
  "model": "products.productsize",
  "pk": 165,
  "fields": {
    "product": 68,
    "size": "Большой",
    "price": "801",
    "grammas": 274
  }
},
{
  "model": "products.productsize",
  "pk": 166,
  "fields": {
    "product": 69,
    "size": "Маленький",
    "price": "802",
    "grammas": 351
  }
},
{
  "model": "products.productsize",
  "pk": 167,
  "fields": {
    "product": 69,
    "size": "Средний",
    "price": "885",
    "grammas": 583
  }
},
{
  "model": "products.productsize",
  "pk": 168,
  "fields": {
    "product": 69,
    "size": "Большой",
    "price": "742",
    "grammas": 246
  }
},
{
  "model": "products.productsize",
  "pk": 169,
  "fields": {
    "product": 70,
    "size": "Маленький",
    "price": "451",
    "grammas": 257
  }
},
{
  "model": "products.productsize",
  "pk": 170,
  "fields": {
    "product": 70,
    "size": "Средний",
    "price": "456",
    "grammas": 258
  }
},
{
  "model": "products.productsize",
  "pk": 171,
  "fields": {
    "product": 70,
    "size": "Большой",
    "price": "395",
    "grammas": 601
  }
},
{
  "model": "products.productsize",
  "pk": 172,
  "fields": {
    "product": 71,
    "size": "Маленький",
    "price": "909",
    "grammas": 503
  }
},
{
  "model": "products.productsize",
  "pk": 173,
  "fields": {
    "product": 71,
    "size": "Средний",
    "price": "891",
    "grammas": 307
  }
},
{
  "model": "products.productsize",
  "pk": 174,
  "fields": {
    "product": 71,
    "size": "Большой",
    "price": "953",
    "grammas": 506
  }
},
{
  "model": "products.productsize",
  "pk": 175,
  "fields": {
    "product": 72,
    "size": "Маленький",
    "price": "495",
    "grammas": 624
  }
},
{
  "model": "products.productsize",
  "pk": 176,
  "fields": {
    "product": 72,
    "size": "Средний",
    "price": "484",
    "grammas": 667
  }
},
{
  "model": "products.productsize",
  "pk": 177,
  "fields": {
    "product": 72,
    "size": "Большой",
    "price": "539",
    "grammas": 340
  }
},
{
  "model": "products.productsize",
  "pk": 178,
  "fields": {
    "product": 73,
    "size": "Маленький",
    "price": "505",
    "grammas": 372
  }
},
{
  "model": "products.productsize",
  "pk": 179,
  "fields": {
    "product": 73,
    "size": "Средний",
    "price": "481",
    "grammas": 408
  }
},
{
  "model": "products.productsize",
  "pk": 180,
  "fields": {
    "product": 73,
    "size": "Большой",
    "price": "554",
    "grammas": 164
  }
},
{
  "model": "products.productsize",
  "pk": 181,
  "fields": {
    "product": 74,
    "size": "Маленький",
    "price": "712",
    "grammas": 161
  }
},
{
  "model": "products.productsize",
  "pk": 182,
  "fields": {
    "product": 74,
    "size": "Средний",
    "price": "688",
    "grammas": 195
  }
},
{
  "model": "products.productsize",
  "pk": 183,
  "fields": {
    "product": 74,
    "size": "Большой",
    "price": "601",
    "grammas": 686
  }
},
{
  "model": "products.productsize",
  "pk": 184,
  "fields": {
    "product": 75,
    "size": "Маленький",
    "price": "740",
    "grammas": 619
  }
},
{
  "model": "products.productsize",
  "pk": 185,
  "fields": {
    "product": 75,
    "size": "Средний",
    "price": "852",
    "grammas": 354
  }
},
{
  "model": "products.productsize",
  "pk": 186,
  "fields": {
    "product": 75,
    "size": "Большой",
    "price": "780",
    "grammas": 563
  }
},
{
  "model": "products.productsize",
  "pk": 187,
  "fields": {
    "product": 76,
    "size": "Маленький",
    "price": "553",
    "grammas": 575
  }
},
{
  "model": "products.productsize",
  "pk": 188,
  "fields": {
    "product": 76,
    "size": "Средний",
    "price": "592",
    "grammas": 275
  }
},
{
  "model": "products.productsize",
  "pk": 189,
  "fields": {
    "product": 76,
    "size": "Большой",
    "price": "650",
    "grammas": 573
  }
},
{
  "model": "products.productsize",
  "pk": 190,
  "fields": {
    "product": 77,
    "size": "Маленький",
    "price": "387",
    "grammas": 521
  }
},
{
  "model": "products.productsize",
  "pk": 191,
  "fields": {
    "product": 77,
    "size": "Средний",
    "price": "420",
    "grammas": 598
  }
},
{
  "model": "products.productsize",
  "pk": 192,
  "fields": {
    "product": 77,
    "size": "Большой",
    "price": "490",
    "grammas": 658
  }
},
{
  "model": "products.productsize",
  "pk": 193,
  "fields": {
    "product": 78,
    "size": "Маленький",
    "price": "530",
    "grammas": 324
  }
},
{
  "model": "products.productsize",
  "pk": 194,
  "fields": {
    "product": 78,
    "size": "Средний",
    "price": "604",
    "grammas": 455
  }
},
{
  "model": "products.productsize",
  "pk": 195,
  "fields": {
    "product": 78,
    "size": "Большой",
    "price": "541",
    "grammas": 577
  }
},
{
  "model": "products.productsize",
  "pk": 196,
  "fields": {
    "product": 79,
    "size": "Маленький",
    "price": "610",
    "grammas": 233
  }
},
{
  "model": "products.productsize",
  "pk": 197,
  "fields": {
    "product": 79,
    "size": "Средний",
    "price": "631",
    "grammas": 324
  }
},
{
  "model": "products.productsize",
  "pk": 198,
  "fields": {
    "product": 79,
    "size": "Большой",
    "price": "618",
    "grammas": 339
  }
},
{
  "model": "products.productsize",
  "pk": 199,
  "fields": {
    "product": 80,
    "size": "Маленький",
    "price": "537",
    "grammas": 367
  }
},
{
  "model": "products.productsize",
  "pk": 200,
  "fields": {
    "product": 80,
    "size": "Средний",
    "price": "478",
    "grammas": 220
  }
},
{
  "model": "products.productsize",
  "pk": 201,
  "fields": {
    "product": 80,
    "size": "Большой",
    "price": "491",
    "grammas": 546
  }
},
{
  "model": "products.productsize",
  "pk": 202,
  "fields": {
    "product": 81,
    "size": "Маленький",
    "price": "837",
    "grammas": 588
  }
},
{
  "model": "products.productsize",
  "pk": 203,
  "fields": {
    "product": 81,
    "size": "Средний",
    "price": "903",
    "grammas": 410
  }
},
{
  "model": "products.productsize",
  "pk": 204,
  "fields": {
    "product": 81,
    "size": "Большой",
    "price": "844",
    "grammas": 622
  }
},
{
  "model": "products.productsize",
  "pk": 205,
  "fields": {
    "product": 82,
    "size": "Маленький",
    "price": "714",
    "grammas": 198
  }
},
{
  "model": "products.productsize",
  "pk": 206,
  "fields": {
    "product": 82,
    "size": "Средний",
    "price": "827",
    "grammas": 533
  }
},
{
  "model": "products.productsize",
  "pk": 207,
  "fields": {
    "product": 82,
    "size": "Большой",
    "price": "828",
    "grammas": 426
  }
},
{
  "model": "products.productsize",
  "pk": 208,
  "fields": {
    "product": 83,
    "size": "Маленький",
    "price": "521",
    "grammas": 699
  }
},
{
  "model": "products.productsize",
  "pk": 209,
  "fields": {
    "product": 83,
    "size": "Средний",
    "price": "479",
    "grammas": 285
  }
},
{
  "model": "products.productsize",
  "pk": 210,
  "fields": {
    "product": 83,
    "size": "Большой",
    "price": "587",
    "grammas": 445
  }
},
{
  "model": "products.productsize",
  "pk": 211,
  "fields": {
    "product": 84,
    "size": "Маленький",
    "price": "754",
    "grammas": 460
  }
},
{
  "model": "products.productsize",
  "pk": 212,
  "fields": {
    "product": 84,
    "size": "Средний",
    "price": "788",
    "grammas": 273
  }
},
{
  "model": "products.productsize",
  "pk": 213,
  "fields": {
    "product": 84,
    "size": "Большой",
    "price": "796",
    "grammas": 612
  }
},
{
  "model": "products.productsize",
  "pk": 214,
  "fields": {
    "product": 85,
    "size": "Маленький",
    "price": "446",
    "grammas": 699
  }
},
{
  "model": "products.productsize",
  "pk": 215,
  "fields": {
    "product": 85,
    "size": "Средний",
    "price": "370",
    "grammas": 376
  }
},
{
  "model": "products.productsize",
  "pk": 216,
  "fields": {
    "product": 85,
    "size": "Большой",
    "price": "441",
    "grammas": 342
  }
},
{
  "model": "products.productsize",
  "pk": 217,
  "fields": {
    "product": 86,
    "size": "Маленький",
    "price": "892",
    "grammas": 509
  }
},
{
  "model": "products.productsize",
  "pk": 218,
  "fields": {
    "product": 86,
    "size": "Средний",
    "price": "759",
    "grammas": 177
  }
},
{
  "model": "products.productsize",
  "pk": 219,
  "fields": {
    "product": 86,
    "size": "Большой",
    "price": "853",
    "grammas": 447
  }
},
{
  "model": "products.productsize",
  "pk": 220,
  "fields": {
    "product": 87,
    "size": "Маленький",
    "price": "447",
    "grammas": 289
  }
},
{
  "model": "products.productsize",
  "pk": 221,
  "fields": {
    "product": 87,
    "size": "Средний",
    "price": "424",
    "grammas": 480
  }
},
{
  "model": "products.productsize",
  "pk": 222,
  "fields": {
    "product": 87,
    "size": "Большой",
    "price": "382",
    "grammas": 297
  }
},
{
  "model": "products.productsize",
  "pk": 223,
  "fields": {
    "product": 88,
    "size": "Маленький",
    "price": "678",
    "grammas": 277
  }
},
{
  "model": "products.productsize",
  "pk": 224,
  "fields": {
    "product": 88,
    "size": "Средний",
    "price": "624",
    "grammas": 550
  }
},
{
  "model": "products.productsize",
  "pk": 225,
  "fields": {
    "product": 88,
    "size": "Большой",
    "price": "743",
    "grammas": 586
  }
},
{
  "model": "products.productsize",
  "pk": 226,
  "fields": {
    "product": 89,
    "size": "Маленький",
    "price": "502",
    "grammas": 642
  }
},
{
  "model": "products.productsize",
  "pk": 227,
  "fields": {
    "product": 89,
    "size": "Средний",
    "price": "514",
    "grammas": 151
  }
},
{
  "model": "products.productsize",
  "pk": 228,
  "fields": {
    "product": 89,
    "size": "Большой",
    "price": "514",
    "grammas": 230
  }
},
{
  "model": "products.productsize",
  "pk": 229,
  "fields": {
    "product": 90,
    "size": "Маленький",
    "price": "584",
    "grammas": 478
  }
},
{
  "model": "products.productsize",
  "pk": 230,
  "fields": {
    "product": 90,
    "size": "Средний",
    "price": "580",
    "grammas": 208
  }
},
{
  "model": "products.productsize",
  "pk": 231,
  "fields": {
    "product": 90,
    "size": "Большой",
    "price": "501",
    "grammas": 501
  }
},
{
  "model": "products.productsize",
  "pk": 232,
  "fields": {
    "product": 91,
    "size": "Маленький",
    "price": "702",
    "grammas": 599
  }
},
{
  "model": "products.productsize",
  "pk": 233,
  "fields": {
    "product": 91,
    "size": "Средний",
    "price": "692",
    "grammas": 404
  }
},
{
  "model": "products.productsize",
  "pk": 234,
  "fields": {
    "product": 91,
    "size": "Большой",
    "price": "731",
    "grammas": 370
  }
},
{
  "model": "products.productsize",
  "pk": 235,
  "fields": {
    "product": 92,
    "size": "Маленький",
    "price": "478",
    "grammas": 171
  }
},
{
  "model": "products.productsize",
  "pk": 236,
  "fields": {
    "product": 92,
    "size": "Средний",
    "price": "484",
    "grammas": 673
  }
},
{
  "model": "products.productsize",
  "pk": 237,
  "fields": {
    "product": 92,
    "size": "Большой",
    "price": "536",
    "grammas": 655
  }
},
{
  "model": "products.productsize",
  "pk": 238,
  "fields": {
    "product": 93,
    "size": "Маленький",
    "price": "275",
    "grammas": 320
  }
},
{
  "model": "products.productsize",
  "pk": 239,
  "fields": {
    "product": 93,
    "size": "Средний",
    "price": "302",
    "grammas": 456
  }
},
{
  "model": "products.productsize",
  "pk": 240,
  "fields": {
    "product": 93,
    "size": "Большой",
    "price": "358",
    "grammas": 586
  }
},
{
  "model": "products.productsize",
  "pk": 241,
  "fields": {
    "product": 94,
    "size": "Маленький",
    "price": "912",
    "grammas": 298
  }
},
{
  "model": "products.productsize",
  "pk": 242,
  "fields": {
    "product": 94,
    "size": "Средний",
    "price": "886",
    "grammas": 620
  }
},
{
  "model": "products.productsize",
  "pk": 243,
  "fields": {
    "product": 94,
    "size": "Большой",
    "price": "906",
    "grammas": 509
  }
},
{
  "model": "products.productsize",
  "pk": 244,
  "fields": {
    "product": 95,
    "size": "Маленький",
    "price": "713",
    "grammas": 389
  }
},
{
  "model": "products.productsize",
  "pk": 245,
  "fields": {
    "product": 95,
    "size": "Средний",
    "price": "649",
    "grammas": 590
  }
},
{
  "model": "products.productsize",
  "pk": 246,
  "fields": {
    "product": 95,
    "size": "Большой",
    "price": "762",
    "grammas": 391
  }
},
{
  "model": "products.productsize",
  "pk": 247,
  "fields": {
    "product": 96,
    "size": "Маленький",
    "price": "563",
    "grammas": 501
  }
},
{
  "model": "products.productsize",
  "pk": 248,
  "fields": {
    "product": 96,
    "size": "Средний",
    "price": "525",
    "grammas": 289
  }
},
{
  "model": "products.productsize",
  "pk": 249,
  "fields": {
    "product": 96,
    "size": "Большой",
    "price": "598",
    "grammas": 383
  }
},
{
  "model": "products.productsize",
  "pk": 250,
  "fields": {
    "product": 97,
    "size": "Маленький",
    "price": "434",
    "grammas": 331
  }
},
{
  "model": "products.productsize",
  "pk": 251,
  "fields": {
    "product": 97,
    "size": "Средний",
    "price": "400",
    "grammas": 389
  }
},
{
  "model": "products.productsize",
  "pk": 252,
  "fields": {
    "product": 97,
    "size": "Большой",
    "price": "371",
    "grammas": 513
  }
},
{
  "model": "products.productsize",
  "pk": 253,
  "fields": {
    "product": 98,
    "size": "Маленький",
    "price": "667",
    "grammas": 449
  }
},
{
  "model": "products.productsize",
  "pk": 254,
  "fields": {
    "product": 98,
    "size": "Средний",
    "price": "673",
    "grammas": 308
  }
},
{
  "model": "products.productsize",
  "pk": 255,
  "fields": {
    "product": 98,
    "size": "Большой",
    "price": "667",
    "grammas": 226
  }
},
{
  "model": "products.productsize",
  "pk": 256,
  "fields": {
    "product": 99,
    "size": "Маленький",
    "price": "569",
    "grammas": 392
  }
},
{
  "model": "products.productsize",
  "pk": 257,
  "fields": {
    "product": 99,
    "size": "Средний",
    "price": "672",
    "grammas": 699
  }
},
{
  "model": "products.productsize",
  "pk": 258,
  "fields": {
    "product": 99,
    "size": "Большой",
    "price": "630",
    "grammas": 565
  }
},
{
  "model": "products.productsize",
  "pk": 259,
  "fields": {
    "product": 100,
    "size": "Маленький",
    "price": "451",
    "grammas": 364
  }
},
{
  "model": "products.productsize",
  "pk": 260,
  "fields": {
    "product": 100,
    "size": "Средний",
    "price": "432",
    "grammas": 466
  }
},
{
  "model": "products.productsize",
  "pk": 261,
  "fields": {
    "product": 100,
    "size": "Большой",
    "price": "383",
    "grammas": 265
  }
},
{
  "model": "products.productsize",
  "pk": 262,
  "fields": {
    "product": 101,
    "size": "Маленький",
    "price": "509",
    "grammas": 484
  }
},
{
  "model": "products.productsize",
  "pk": 263,
  "fields": {
    "product": 101,
    "size": "Средний",
    "price": "576",
    "grammas": 155
  }
},
{
  "model": "products.productsize",
  "pk": 264,
  "fields": {
    "product": 101,
    "size": "Большой",
    "price": "525",
    "grammas": 692
  }
},
{
  "model": "products.productsize",
  "pk": 265,
  "fields": {
    "product": 102,
    "size": "Маленький",
    "price": "535",
    "grammas": 265
  }
},
{
  "model": "products.productsize",
  "pk": 266,
  "fields": {
    "product": 102,
    "size": "Средний",
    "price": "603",
    "grammas": 662
  }
},
{
  "model": "products.productsize",
  "pk": 267,
  "fields": {
    "product": 102,
    "size": "Большой",
    "price": "540",
    "grammas": 662
  }
},
{
  "model": "products.productsize",
  "pk": 268,
  "fields": {
    "product": 103,
    "size": "Маленький",
    "price": "370",
    "grammas": 258
  }
},
{
  "model": "products.productsize",
  "pk": 269,
  "fields": {
    "product": 103,
    "size": "Средний",
    "price": "375",
    "grammas": 438
  }
},
{
  "model": "products.productsize",
  "pk": 270,
  "fields": {
    "product": 103,
    "size": "Большой",
    "price": "465",
    "grammas": 232
  }
},
{
  "model": "products.productsize",
  "pk": 271,
  "fields": {
    "product": 104,
    "size": "Маленький",
    "price": "536",
    "grammas": 479
  }
},
{
  "model": "products.productsize",
  "pk": 272,
  "fields": {
    "product": 104,
    "size": "Средний",
    "price": "596",
    "grammas": 167
  }
},
{
  "model": "products.productsize",
  "pk": 273,
  "fields": {
    "product": 104,
    "size": "Большой",
    "price": "573",
    "grammas": 307
  }
},
{
  "model": "products.productsize",
  "pk": 274,
  "fields": {
    "product": 105,
    "size": "Маленький",
    "price": "666",
    "grammas": 485
  }
},
{
  "model": "products.productsize",
  "pk": 275,
  "fields": {
    "product": 105,
    "size": "Средний",
    "price": "644",
    "grammas": 243
  }
},
{
  "model": "products.productsize",
  "pk": 276,
  "fields": {
    "product": 105,
    "size": "Большой",
    "price": "636",
    "grammas": 388
  }
},
{
  "model": "products.productsize",
  "pk": 277,
  "fields": {
    "product": 106,
    "size": "Маленький",
    "price": "660",
    "grammas": 393
  }
},
{
  "model": "products.productsize",
  "pk": 278,
  "fields": {
    "product": 106,
    "size": "Средний",
    "price": "640",
    "grammas": 299
  }
},
{
  "model": "products.productsize",
  "pk": 279,
  "fields": {
    "product": 106,
    "size": "Большой",
    "price": "650",
    "grammas": 590
  }
},
{
  "model": "products.productsize",
  "pk": 280,
  "fields": {
    "product": 107,
    "size": "Маленький",
    "price": "673",
    "grammas": 628
  }
},
{
  "model": "products.productsize",
  "pk": 281,
  "fields": {
    "product": 107,
    "size": "Средний",
    "price": "681",
    "grammas": 448
  }
},
{
  "model": "products.productsize",
  "pk": 282,
  "fields": {
    "product": 107,
    "size": "Большой",
    "price": "627",
    "grammas": 245
  }
},
{
  "model": "products.productsize",
  "pk": 283,
  "fields": {
    "product": 108,
    "size": "Маленький",
    "price": "345",
    "grammas": 388
  }
},
{
  "model": "products.productsize",
  "pk": 284,
  "fields": {
    "product": 108,
    "size": "Средний",
    "price": "379",
    "grammas": 628
  }
},
{
  "model": "products.productsize",
  "pk": 285,
  "fields": {
    "product": 108,
    "size": "Большой",
    "price": "415",
    "grammas": 259
  }
},
{
  "model": "products.productsize",
  "pk": 286,
  "fields": {
    "product": 109,
    "size": "Маленький",
    "price": "364",
    "grammas": 689
  }
},
{
  "model": "products.productsize",
  "pk": 287,
  "fields": {
    "product": 109,
    "size": "Средний",
    "price": "316",
    "grammas": 185
  }
},
{
  "model": "products.productsize",
  "pk": 288,
  "fields": {
    "product": 109,
    "size": "Большой",
    "price": "291",
    "grammas": 305
  }
},
{
  "model": "products.productsize",
  "pk": 289,
  "fields": {
    "product": 110,
    "size": "Маленький",
    "price": "394",
    "grammas": 610
  }
},
{
  "model": "products.productsize",
  "pk": 290,
  "fields": {
    "product": 110,
    "size": "Средний",
    "price": "371",
    "grammas": 387
  }
},
{
  "model": "products.productsize",
  "pk": 291,
  "fields": {
    "product": 110,
    "size": "Большой",
    "price": "299",
    "grammas": 561
  }
},
{
  "model": "products.productsize",
  "pk": 292,
  "fields": {
    "product": 111,
    "size": "Маленький",
    "price": "833",
    "grammas": 461
  }
},
{
  "model": "products.productsize",
  "pk": 293,
  "fields": {
    "product": 111,
    "size": "Средний",
    "price": "894",
    "grammas": 599
  }
},
{
  "model": "products.productsize",
  "pk": 294,
  "fields": {
    "product": 111,
    "size": "Большой",
    "price": "936",
    "grammas": 319
  }
},
{
  "model": "products.productsize",
  "pk": 295,
  "fields": {
    "product": 112,
    "size": "Маленький",
    "price": "434",
    "grammas": 559
  }
},
{
  "model": "products.productsize",
  "pk": 296,
  "fields": {
    "product": 112,
    "size": "Средний",
    "price": "463",
    "grammas": 644
  }
},
{
  "model": "products.productsize",
  "pk": 297,
  "fields": {
    "product": 112,
    "size": "Большой",
    "price": "517",
    "grammas": 490
  }
},
{
  "model": "products.product",
  "pk": 1,
  "fields": {
    "name": "Пепперони",
    "description": "\"ОСТРО\". Соус томатный, сыр моцарелла, колбаса пепперони, сушёный базилик.",
    "base_price": "300",
    "image": "product_images/pepperoni.png",
    "category": 1,
    "base_ingredients": "\"ОСТРО\". Соус томатный, сыр моцарелла, колбаса пепперони, сушёный базилик."
  }
},
{
  "model": "products.product",
  "pk": 2,
  "fields": {
    "name": "Маргарита",
    "description": "Классическая пицца с томатным соусом, сыром моцарелла и базиликом.",
    "base_price": "250",
    "image": "product_images/pepperoni.png",
    "category": 1,
    "base_ingredients": "Соус томатный, сыр моцарелла, базилик."
  }
},
{
  "model": "products.product",
  "pk": 3,
  "fields": {
    "name": "Гавайская",
    "description": "Пицца с ветчиной, ананасами и сыром моцарелла.",
    "base_price": "330",
    "image": "product_images/pepperoni.png",
    "category": 1,
    "base_ingredients": "Ветчина, ананасы, сыр моцарелла."
  }
},
{
  "model": "products.product",
  "pk": 4,
  "fields": {
    "name": "Четыре сыра",
    "description": "Пицца с четырьмя видами сыра.",
    "base_price": "380",
    "image": "product_images/pepperoni.png",
    "category": 1,
    "base_ingredients": "Моцарелла, пармезан, горгонзола, рикотта."
  }
},
{
  "model": "products.product",
  "pk": 5,
  "fields": {
    "name": "Пицца с морепродуктами",
    "description": "Пицца с морепродуктами, томатным соусом и сыром моцарелла.",
    "base_price": "450",
    "image": "product_images/pepperoni.png",
    "category": 1,
    "base_ingredients": "Морепродукты, томатный соус, сыр моцарелла."
  }
},
{
  "model": "products.product",
  "pk": 6,
  "fields": {
    "name": "Филадельфия",
    "description": "Роллы с лососем, авокадо и огурцом.",
    "base_price": "450",
    "image": "product_images/pepperoni.png",
    "category": 2,
    "base_ingredients": "Лосось, авокадо, огурец."
  }
},
{
  "model": "products.product",
  "pk": 7,
  "fields": {
    "name": "Калифорния",
    "description": "Роллы с крабовым мясом, авокадо и огурцом.",
    "base_price": "400",
    "image": "product_images/pepperoni.png",
    "category": 2,
    "base_ingredients": "Крабовое мясо, авокадо, огурец."
  }
},
{
  "model": "products.product",
  "pk": 8,
  "fields": {
    "name": "Тигровые роллы",
    "description": "Роллы с тигровыми креветками и соусом терияки.",
    "base_price": "480",
    "image": "product_images/pepperoni.png",
    "category": 2,
    "base_ingredients": "Тигровые креветки, соус терияки."
  }
},
{
  "model": "products.product",
  "pk": 9,
  "fields": {
    "name": "Роллы с угрём",
    "description": "Роллы с угрём и авокадо.",
    "base_price": "500",
    "image": "product_images/pepperoni.png",
    "category": 2,
    "base_ingredients": "Угрь, авокадо."
  }
},
{
  "model": "products.product",
  "pk": 10,
  "fields": {
    "name": "Терасси",
    "description": "Суши с авокадо, угрём и креветками.",
    "base_price": "550",
    "image": "product_images/pepperoni.png",
    "category": 2,
    "base_ingredients": "Авокадо, угрь, креветки."
  }
},
{
  "model": "products.product",
  "pk": 11,
  "fields": {
    "name": "Спагетти Карбонара",
    "description": "Спагетти с соусом карбонара, беконом и пармезаном.",
    "base_price": "500",
    "image": "product_images/pepperoni.png",
    "category": 3,
    "base_ingredients": "Спагетти, соус карбонара, бекон, пармезан."
  }
},
{
  "model": "products.product",
  "pk": 12,
  "fields": {
    "name": "Стейк с картошкой",
    "description": "Стейк из говядины с гарниром из картофеля.",
    "base_price": "700",
    "image": "product_images/pepperoni.png",
    "category": 3,
    "base_ingredients": "Говядина, картофель."
  }
},
{
  "model": "products.product",
  "pk": 13,
  "fields": {
    "name": "Паста Болоньезе",
    "description": "Паста с мясным соусом болоньезе.",
    "base_price": "550",
    "image": "product_images/pepperoni.png",
    "category": 3,
    "base_ingredients": "Паста, мясной соус."
  }
},
{
  "model": "products.product",
  "pk": 14,
  "fields": {
    "name": "Ризотто с морепродуктами",
    "description": "Ризотто с морепродуктами в сливочном соусе.",
    "base_price": "600",
    "image": "product_images/pepperoni.png",
    "category": 3,
    "base_ingredients": "Ризотто, морепродукты, сливочный соус."
  }
},
{
  "model": "products.product",
  "pk": 15,
  "fields": {
    "name": "Кока-Кола",
    "description": "Газированный напиток Кока-Кола.",
    "base_price": "100",
    "image": "product_images/pepperoni.png",
    "category": 4,
    "base_ingredients": "Кола."
  }
},
{
  "model": "products.product",
  "pk": 16,
  "fields": {
    "name": "Сок апельсиновый",
    "description": "Свежевыжатый апельсиновый сок.",
    "base_price": "120",
    "image": "product_images/pepperoni.png",
    "category": 4,
    "base_ingredients": "Апельсин."
  }
},
{
  "model": "products.product",
  "pk": 17,
  "fields": {
    "name": "Минеральная вода",
    "description": "Газа или без газа.",
    "base_price": "80",
    "image": "product_images/pepperoni.png",
    "category": 4,
    "base_ingredients": "Вода."
  }
},
{
  "model": "products.product",
  "pk": 18,
  "fields": {
    "name": "Чай",
    "description": "Зеленый или черный чай.",
    "base_price": "70",
    "image": "product_images/pepperoni.png",
    "category": 4,
    "base_ingredients": "Чай."
  }
},
{
  "model": "products.product",
  "pk": 19,
  "fields": {
    "name": "Тирамису",
    "description": "Итальянский десерт с маскарпоне и кофе.",
    "base_price": "150",
    "image": "product_images/pepperoni.png",
    "category": 5,
    "base_ingredients": "Маскарпоне, кофе."
  }
},
{
  "model": "products.product",
  "pk": 20,
  "fields": {
    "name": "Чизкейк",
    "description": "Десерт с кремом из сыра и ягодами.",
    "base_price": "180",
    "image": "product_images/pepperoni.png",
    "category": 5,
    "base_ingredients": "Сыр, ягоды."
  }
},
{
  "model": "products.product",
  "pk": 21,
  "fields": {
    "name": "Мусс шоколадный",
    "description": "Шоколадный мусс с взбитыми сливками.",
    "base_price": "170",
    "image": "product_images/pepperoni.png",
    "category": 5,
    "base_ingredients": "Шоколад, сливки."
  }
},
{
  "model": "products.product",
  "pk": 22,
  "fields": {
    "name": "Панна котта",
    "description": "Итальянский десерт на основе сливок.",
    "base_price": "160",
    "image": "product_images/pepperoni.png",
    "category": 5,
    "base_ingredients": "Сливки."
  }
},
{
  "model": "products.product",
  "pk": 23,
  "fields": {
    "name": "Цезарь",
    "description": "Вкусное блюдо: Цезарь.",
    "base_price": "422",
    "image": "product_images/pepperoni.png",
    "category": 6,
    "base_ingredients": "Различные ингредиенты."
  }
},
{
  "model": "products.product",
  "pk": 24,
  "fields": {
    "name": "Греческий",
    "description": "Вкусное блюдо: Греческий.",
    "base_price": "301",
    "image": "product_images/pepperoni.png",
    "category": 6,
    "base_ingredients": "Различные ингредиенты."
  }
},
{
  "model": "products.product",
  "pk": 25,
  "fields": {
    "name": "Оливье",
    "description": "Вкусное блюдо: Оливье.",
    "base_price": "709",
    "image": "product_images/pepperoni.png",
    "category": 6,
    "base_ingredients": "Различные ингредиенты."
  }
},
{
  "model": "products.product",
  "pk": 26,
  "fields": {
    "name": "Мимоза",
    "description": "Вкусное блюдо: Мимоза.",
    "base_price": "584",
    "image": "product_images/pepperoni.png",
    "category": 6,
    "base_ingredients": "Различные ингредиенты."
  }
},
{
  "model": "products.product",
  "pk": 27,
  "fields": {
    "name": "Винегрет",
    "description": "Вкусное блюдо: Винегрет.",
    "base_price": "530",
    "image": "product_images/pepperoni.png",
    "category": 6,
    "base_ingredients": "Различные ингредиенты."
  }
},
{
  "model": "products.product",
  "pk": 28,
  "fields": {
    "name": "Сельдь под шубой",
    "description": "Вкусное блюдо: Сельдь под шубой.",
    "base_price": "326",
    "image": "product_images/pepperoni.png",
    "category": 6,
    "base_ingredients": "Различные ингредиенты."
  }
},
{
  "model": "products.product",
  "pk": 29,
  "fields": {
    "name": "Тёплый с курицей",
    "description": "Вкусное блюдо: Тёплый с курицей.",
    "base_price": "364",
    "image": "product_images/pepperoni.png",
    "category": 6,
    "base_ingredients": "Различные ингредиенты."
  }
},
{
  "model": "products.product",
  "pk": 30,
  "fields": {
    "name": "Крабовый",
    "description": "Вкусное блюдо: Крабовый.",
    "base_price": "657",
    "image": "product_images/pepperoni.png",
    "category": 6,
    "base_ingredients": "Различные ингредиенты."
  }
},
{
  "model": "products.product",
  "pk": 31,
  "fields": {
    "name": "Фруктовый",
    "description": "Вкусное блюдо: Фруктовый.",
    "base_price": "261",
    "image": "product_images/pepperoni.png",
    "category": 6,
    "base_ingredients": "Различные ингредиенты."
  }
},
{
  "model": "products.product",
  "pk": 32,
  "fields": {
    "name": "С тунцом",
    "description": "Вкусное блюдо: С тунцом.",
    "base_price": "497",
    "image": "product_images/pepperoni.png",
    "category": 6,
    "base_ingredients": "Различные ингредиенты."
  }
},
{
  "model": "products.product",
  "pk": 33,
  "fields": {
    "name": "Картофель фри",
    "description": "Вкусное блюдо: Картофель фри.",
    "base_price": "766",
    "image": "product_images/pepperoni.png",
    "category": 7,
    "base_ingredients": "Различные ингредиенты."
  }
},
{
  "model": "products.product",
  "pk": 34,
  "fields": {
    "name": "Начос",
    "description": "Вкусное блюдо: Начос.",
    "base_price": "461",
    "image": "product_images/pepperoni.png",
    "category": 7,
    "base_ingredients": "Различные ингредиенты."
  }
},
{
  "model": "products.product",
  "pk": 35,
  "fields": {
    "name": "Крылышки BBQ",
    "description": "Вкусное блюдо: Крылышки BBQ.",
    "base_price": "599",
    "image": "product_images/pepperoni.png",
    "category": 7,
    "base_ingredients": "Различные ингредиенты."
  }
},
{
  "model": "products.product",
  "pk": 36,
  "fields": {
    "name": "Сырные палочки",
    "description": "Вкусное блюдо: Сырные палочки.",
    "base_price": "377",
    "image": "product_images/pepperoni.png",
    "category": 7,
    "base_ingredients": "Различные ингредиенты."
  }
},
{
  "model": "products.product",
  "pk": 37,
  "fields": {
    "name": "Луковые кольца",
    "description": "Вкусное блюдо: Луковые кольца.",
    "base_price": "699",
    "image": "product_images/pepperoni.png",
    "category": 7,
    "base_ingredients": "Различные ингредиенты."
  }
},
{
  "model": "products.product",
  "pk": 38,
  "fields": {
    "name": "Хлебная корзина",
    "description": "Вкусное блюдо: Хлебная корзина.",
    "base_price": "624",
    "image": "product_images/pepperoni.png",
    "category": 7,
    "base_ingredients": "Различные ингредиенты."
  }
},
{
  "model": "products.product",
  "pk": 39,
  "fields": {
    "name": "Брускетта",
    "description": "Вкусное блюдо: Брускетта.",
    "base_price": "239",
    "image": "product_images/pepperoni.png",
    "category": 7,
    "base_ingredients": "Различные ингредиенты."
  }
},
{
  "model": "products.product",
  "pk": 40,
  "fields": {
    "name": "Фалафель",
    "description": "Вкусное блюдо: Фалафель.",
    "base_price": "427",
    "image": "product_images/pepperoni.png",
    "category": 7,
    "base_ingredients": "Различные ингредиенты."
  }
},
{
  "model": "products.product",
  "pk": 41,
  "fields": {
    "name": "Тапас",
    "description": "Вкусное блюдо: Тапас.",
    "base_price": "240",
    "image": "product_images/pepperoni.png",
    "category": 7,
    "base_ingredients": "Различные ингредиенты."
  }
},
{
  "model": "products.product",
  "pk": 42,
  "fields": {
    "name": "Мини-кебабы",
    "description": "Вкусное блюдо: Мини-кебабы.",
    "base_price": "454",
    "image": "product_images/pepperoni.png",
    "category": 7,
    "base_ingredients": "Различные ингредиенты."
  }
},
{
  "model": "products.product",
  "pk": 43,
  "fields": {
    "name": "Борщ",
    "description": "Вкусное блюдо: Борщ.",
    "base_price": "201",
    "image": "product_images/pepperoni.png",
    "category": 8,
    "base_ingredients": "Различные ингредиенты."
  }
},
{
  "model": "products.product",
  "pk": 44,
  "fields": {
    "name": "Солянка",
    "description": "Вкусное блюдо: Солянка.",
    "base_price": "272",
    "image": "product_images/pepperoni.png",
    "category": 8,
    "base_ingredients": "Различные ингредиенты."
  }
},
{
  "model": "products.product",
  "pk": 45,
  "fields": {
    "name": "Грибной крем-суп",
    "description": "Вкусное блюдо: Грибной крем-суп.",
    "base_price": "709",
    "image": "product_images/pepperoni.png",
    "category": 8,
    "base_ingredients": "Различные ингредиенты."
  }
},
{
  "model": "products.product",
  "pk": 46,
  "fields": {
    "name": "Том Ям",
    "description": "Вкусное блюдо: Том Ям.",
    "base_price": "280",
    "image": "product_images/pepperoni.png",
    "category": 8,
    "base_ingredients": "Различные ингредиенты."
  }
},
{
  "model": "products.product",
  "pk": 47,
  "fields": {
    "name": "Рамен",
    "description": "Вкусное блюдо: Рамен.",
    "base_price": "774",
    "image": "product_images/pepperoni.png",
    "category": 8,
    "base_ingredients": "Различные ингредиенты."
  }
},
{
  "model": "products.product",
  "pk": 48,
  "fields": {
    "name": "Куриный бульон",
    "description": "Вкусное блюдо: Куриный бульон.",
    "base_price": "438",
    "image": "product_images/pepperoni.png",
    "category": 8,
    "base_ingredients": "Различные ингредиенты."
  }
},
{
  "model": "products.product",
  "pk": 49,
  "fields": {
    "name": "Щи",
    "description": "Вкусное блюдо: Щи.",
    "base_price": "528",
    "image": "product_images/pepperoni.png",
    "category": 8,
    "base_ingredients": "Различные ингредиенты."
  }
},
{
  "model": "products.product",
  "pk": 50,
  "fields": {
    "name": "Уха",
    "description": "Вкусное блюдо: Уха.",
    "base_price": "203",
    "image": "product_images/pepperoni.png",
    "category": 8,
    "base_ingredients": "Различные ингредиенты."
  }
},
{
  "model": "products.product",
  "pk": 51,
  "fields": {
    "name": "Гаспачо",
    "description": "Вкусное блюдо: Гаспачо.",
    "base_price": "429",
    "image": "product_images/pepperoni.png",
    "category": 8,
    "base_ingredients": "Различные ингредиенты."
  }
},
{
  "model": "products.product",
  "pk": 52,
  "fields": {
    "name": "Мисо-суп",
    "description": "Вкусное блюдо: Мисо-суп.",
    "base_price": "590",
    "image": "product_images/pepperoni.png",
    "category": 8,
    "base_ingredients": "Различные ингредиенты."
  }
},
{
  "model": "products.product",
  "pk": 53,
  "fields": {
    "name": "Чизбургер",
    "description": "Вкусное блюдо: Чизбургер.",
    "base_price": "244",
    "image": "product_images/pepperoni.png",
    "category": 9,
    "base_ingredients": "Различные ингредиенты."
  }
},
{
  "model": "products.product",
  "pk": 54,
  "fields": {
    "name": "Гамбургер",
    "description": "Вкусное блюдо: Гамбургер.",
    "base_price": "280",
    "image": "product_images/pepperoni.png",
    "category": 9,
    "base_ingredients": "Различные ингредиенты."
  }
},
{
  "model": "products.product",
  "pk": 55,
  "fields": {
    "name": "Биг Бургер",
    "description": "Вкусное блюдо: Биг Бургер.",
    "base_price": "721",
    "image": "product_images/pepperoni.png",
    "category": 9,
    "base_ingredients": "Различные ингредиенты."
  }
},
{
  "model": "products.product",
  "pk": 56,
  "fields": {
    "name": "Веган Бургер",
    "description": "Вкусное блюдо: Веган Бургер.",
    "base_price": "649",
    "image": "product_images/pepperoni.png",
    "category": 9,
    "base_ingredients": "Различные ингредиенты."
  }
},
{
  "model": "products.product",
  "pk": 57,
  "fields": {
    "name": "Дабл Чиз",
    "description": "Вкусное блюдо: Дабл Чиз.",
    "base_price": "777",
    "image": "product_images/pepperoni.png",
    "category": 9,
    "base_ingredients": "Различные ингредиенты."
  }
},
{
  "model": "products.product",
  "pk": 58,
  "fields": {
    "name": "Куриный Бургер",
    "description": "Вкусное блюдо: Куриный Бургер.",
    "base_price": "744",
    "image": "product_images/pepperoni.png",
    "category": 9,
    "base_ingredients": "Различные ингредиенты."
  }
},
{
  "model": "products.product",
  "pk": 59,
  "fields": {
    "name": "Фиш Бургер",
    "description": "Вкусное блюдо: Фиш Бургер.",
    "base_price": "640",
    "image": "product_images/pepperoni.png",
    "category": 9,
    "base_ingredients": "Различные ингредиенты."
  }
},
{
  "model": "products.product",
  "pk": 60,
  "fields": {
    "name": "Острый Бургер",
    "description": "Вкусное блюдо: Острый Бургер.",
    "base_price": "415",
    "image": "product_images/pepperoni.png",
    "category": 9,
    "base_ingredients": "Различные ингредиенты."
  }
},
{
  "model": "products.product",
  "pk": 61,
  "fields": {
    "name": "Барбекю Бургер",
    "description": "Вкусное блюдо: Барбекю Бургер.",
    "base_price": "582",
    "image": "product_images/pepperoni.png",
    "category": 9,
    "base_ingredients": "Различные ингредиенты."
  }
},
{
  "model": "products.product",
  "pk": 62,
  "fields": {
    "name": "Мясной Бургер",
    "description": "Вкусное блюдо: Мясной Бургер.",
    "base_price": "405",
    "image": "product_images/pepperoni.png",
    "category": 9,
    "base_ingredients": "Различные ингредиенты."
  }
},
{
  "model": "products.product",
  "pk": 63,
  "fields": {
    "name": "Классический",
    "description": "Вкусное блюдо: Классический.",
    "base_price": "570",
    "image": "product_images/pepperoni.png",
    "category": 10,
    "base_ingredients": "Различные ингредиенты."
  }
},
{
  "model": "products.product",
  "pk": 64,
  "fields": {
    "name": "Чикагский",
    "description": "Вкусное блюдо: Чикагский.",
    "base_price": "442",
    "image": "product_images/pepperoni.png",
    "category": 10,
    "base_ingredients": "Различные ингредиенты."
  }
},
{
  "model": "products.product",
  "pk": 65,
  "fields": {
    "name": "Нью-Йоркский",
    "description": "Вкусное блюдо: Нью-Йоркский.",
    "base_price": "446",
    "image": "product_images/pepperoni.png",
    "category": 10,
    "base_ingredients": "Различные ингредиенты."
  }
},
{
  "model": "products.product",
  "pk": 66,
  "fields": {
    "name": "Техасский",
    "description": "Вкусное блюдо: Техасский.",
    "base_price": "650",
    "image": "product_images/pepperoni.png",
    "category": 10,
    "base_ingredients": "Различные ингредиенты."
  }
},
{
  "model": "products.product",
  "pk": 67,
  "fields": {
    "name": "Чили-дог",
    "description": "Вкусное блюдо: Чили-дог.",
    "base_price": "331",
    "image": "product_images/pepperoni.png",
    "category": 10,
    "base_ingredients": "Различные ингредиенты."
  }
},
{
  "model": "products.product",
  "pk": 68,
  "fields": {
    "name": "Сырный",
    "description": "Вкусное блюдо: Сырный.",
    "base_price": "738",
    "image": "product_images/pepperoni.png",
    "category": 10,
    "base_ingredients": "Различные ингредиенты."
  }
},
{
  "model": "products.product",
  "pk": 69,
  "fields": {
    "name": "Бекон-дог",
    "description": "Вкусное блюдо: Бекон-дог.",
    "base_price": "685",
    "image": "product_images/pepperoni.png",
    "category": 10,
    "base_ingredients": "Различные ингредиенты."
  }
},
{
  "model": "products.product",
  "pk": 70,
  "fields": {
    "name": "Грибной",
    "description": "Вкусное блюдо: Грибной.",
    "base_price": "269",
    "image": "product_images/pepperoni.png",
    "category": 10,
    "base_ingredients": "Различные ингредиенты."
  }
},
{
  "model": "products.product",
  "pk": 71,
  "fields": {
    "name": "Дабл-дог",
    "description": "Вкусное блюдо: Дабл-дог.",
    "base_price": "776",
    "image": "product_images/pepperoni.png",
    "category": 10,
    "base_ingredients": "Различные ингредиенты."
  }
},
{
  "model": "products.product",
  "pk": 72,
  "fields": {
    "name": "Мини-дог",
    "description": "Вкусное блюдо: Мини-дог.",
    "base_price": "360",
    "image": "product_images/pepperoni.png",
    "category": 10,
    "base_ingredients": "Различные ингредиенты."
  }
},
{
  "model": "products.product",
  "pk": 73,
  "fields": {
    "name": "Свиной",
    "description": "Вкусное блюдо: Свиной.",
    "base_price": "358",
    "image": "product_images/pepperoni.png",
    "category": 11,
    "base_ingredients": "Различные ингредиенты."
  }
},
{
  "model": "products.product",
  "pk": 74,
  "fields": {
    "name": "Куриный",
    "description": "Вкусное блюдо: Куриный.",
    "base_price": "523",
    "image": "product_images/pepperoni.png",
    "category": 11,
    "base_ingredients": "Различные ингредиенты."
  }
},
{
  "model": "products.product",
  "pk": 75,
  "fields": {
    "name": "Говяжий",
    "description": "Вкусное блюдо: Говяжий.",
    "base_price": "689",
    "image": "product_images/pepperoni.png",
    "category": 11,
    "base_ingredients": "Различные ингредиенты."
  }
},
{
  "model": "products.product",
  "pk": 76,
  "fields": {
    "name": "Бараний",
    "description": "Вкусное блюдо: Бараний.",
    "base_price": "494",
    "image": "product_images/pepperoni.png",
    "category": 11,
    "base_ingredients": "Различные ингредиенты."
  }
},
{
  "model": "products.product",
  "pk": 77,
  "fields": {
    "name": "Овощной",
    "description": "Вкусное блюдо: Овощной.",
    "base_price": "333",
    "image": "product_images/pepperoni.png",
    "category": 11,
    "base_ingredients": "Различные ингредиенты."
  }
},
{
  "model": "products.product",
  "pk": 78,
  "fields": {
    "name": "Рыбный",
    "description": "Вкусное блюдо: Рыбный.",
    "base_price": "410",
    "image": "product_images/pepperoni.png",
    "category": 11,
    "base_ingredients": "Различные ингредиенты."
  }
},
{
  "model": "products.product",
  "pk": 79,
  "fields": {
    "name": "Креветочный",
    "description": "Вкусное блюдо: Креветочный.",
    "base_price": "534",
    "image": "product_images/pepperoni.png",
    "category": 11,
    "base_ingredients": "Различные ингредиенты."
  }
},
{
  "model": "products.product",
  "pk": 80,
  "fields": {
    "name": "Ассорти",
    "description": "Вкусное блюдо: Ассорти.",
    "base_price": "391",
    "image": "product_images/pepperoni.png",
    "category": 11,
    "base_ingredients": "Различные ингредиенты."
  }
},
{
  "model": "products.product",
  "pk": 81,
  "fields": {
    "name": "Шашлык-гриль",
    "description": "Вкусное блюдо: Шашлык-гриль.",
    "base_price": "777",
    "image": "product_images/pepperoni.png",
    "category": 11,
    "base_ingredients": "Различные ингредиенты."
  }
},
{
  "model": "products.product",
  "pk": 82,
  "fields": {
    "name": "Классический",
    "description": "Вкусное блюдо: Классический.",
    "base_price": "651",
    "image": "product_images/pepperoni.png",
    "category": 11,
    "base_ingredients": "Различные ингредиенты."
  }
},
{
  "model": "products.product",
  "pk": 83,
  "fields": {
    "name": "Лосось-гриль",
    "description": "Вкусное блюдо: Лосось-гриль.",
    "base_price": "427",
    "image": "product_images/pepperoni.png",
    "category": 12,
    "base_ingredients": "Различные ингредиенты."
  }
},
{
  "model": "products.product",
  "pk": 84,
  "fields": {
    "name": "Креветки в соусе",
    "description": "Вкусное блюдо: Креветки в соусе.",
    "base_price": "624",
    "image": "product_images/pepperoni.png",
    "category": 12,
    "base_ingredients": "Различные ингредиенты."
  }
},
{
  "model": "products.product",
  "pk": 85,
  "fields": {
    "name": "Мидии",
    "description": "Вкусное блюдо: Мидии.",
    "base_price": "272",
    "image": "product_images/pepperoni.png",
    "category": 12,
    "base_ingredients": "Различные ингредиенты."
  }
},
{
  "model": "products.product",
  "pk": 86,
  "fields": {
    "name": "Кальмары",
    "description": "Вкусное блюдо: Кальмары.",
    "base_price": "701",
    "image": "product_images/pepperoni.png",
    "category": 12,
    "base_ingredients": "Различные ингредиенты."
  }
},
{
  "model": "products.product",
  "pk": 87,
  "fields": {
    "name": "Тунец стейк",
    "description": "Вкусное блюдо: Тунец стейк.",
    "base_price": "297",
    "image": "product_images/pepperoni.png",
    "category": 12,
    "base_ingredients": "Различные ингредиенты."
  }
},
{
  "model": "products.product",
  "pk": 88,
  "fields": {
    "name": "Осьминог",
    "description": "Вкусное блюдо: Осьминог.",
    "base_price": "552",
    "image": "product_images/pepperoni.png",
    "category": 12,
    "base_ingredients": "Различные ингредиенты."
  }
},
{
  "model": "products.product",
  "pk": 89,
  "fields": {
    "name": "Раки",
    "description": "Вкусное блюдо: Раки.",
    "base_price": "417",
    "image": "product_images/pepperoni.png",
    "category": 12,
    "base_ingredients": "Различные ингредиенты."
  }
},
{
  "model": "products.product",
  "pk": 90,
  "fields": {
    "name": "Форель",
    "description": "Вкусное блюдо: Форель.",
    "base_price": "445",
    "image": "product_images/pepperoni.png",
    "category": 12,
    "base_ingredients": "Различные ингредиенты."
  }
},
{
  "model": "products.product",
  "pk": 91,
  "fields": {
    "name": "Крабовые ножки",
    "description": "Вкусное блюдо: Крабовые ножки.",
    "base_price": "539",
    "image": "product_images/pepperoni.png",
    "category": 12,
    "base_ingredients": "Различные ингредиенты."
  }
},
{
  "model": "products.product",
  "pk": 92,
  "fields": {
    "name": "Фиш & Чипс",
    "description": "Вкусное блюдо: Фиш & Чипс.",
    "base_price": "391",
    "image": "product_images/pepperoni.png",
    "category": 12,
    "base_ingredients": "Различные ингредиенты."
  }
},
{
  "model": "products.product",
  "pk": 93,
  "fields": {
    "name": "Тофу стейк",
    "description": "Вкусное блюдо: Тофу стейк.",
    "base_price": "224",
    "image": "product_images/pepperoni.png",
    "category": 13,
    "base_ingredients": "Различные ингредиенты."
  }
},
{
  "model": "products.product",
  "pk": 94,
  "fields": {
    "name": "Гречневая лапша",
    "description": "Вкусное блюдо: Гречневая лапша.",
    "base_price": "797",
    "image": "product_images/pepperoni.png",
    "category": 13,
    "base_ingredients": "Различные ингредиенты."
  }
},
{
  "model": "products.product",
  "pk": 95,
  "fields": {
    "name": "Авокадо-тост",
    "description": "Вкусное блюдо: Авокадо-тост.",
    "base_price": "585",
    "image": "product_images/pepperoni.png",
    "category": 13,
    "base_ingredients": "Различные ингредиенты."
  }
},
{
  "model": "products.product",
  "pk": 96,
  "fields": {
    "name": "Рис с овощами",
    "description": "Вкусное блюдо: Рис с овощами.",
    "base_price": "458",
    "image": "product_images/pepperoni.png",
    "category": 13,
    "base_ingredients": "Различные ингредиенты."
  }
},
{
  "model": "products.product",
  "pk": 97,
  "fields": {
    "name": "Хумус",
    "description": "Вкусное блюдо: Хумус.",
    "base_price": "251",
    "image": "product_images/pepperoni.png",
    "category": 13,
    "base_ingredients": "Различные ингредиенты."
  }
},
{
  "model": "products.product",
  "pk": 98,
  "fields": {
    "name": "Овощные котлеты",
    "description": "Вкусное блюдо: Овощные котлеты.",
    "base_price": "535",
    "image": "product_images/pepperoni.png",
    "category": 13,
    "base_ingredients": "Различные ингредиенты."
  }
},
{
  "model": "products.product",
  "pk": 99,
  "fields": {
    "name": "Рататуй",
    "description": "Вкусное блюдо: Рататуй.",
    "base_price": "518",
    "image": "product_images/pepperoni.png",
    "category": 13,
    "base_ingredients": "Различные ингредиенты."
  }
},
{
  "model": "products.product",
  "pk": 100,
  "fields": {
    "name": "Киноа-салат",
    "description": "Вкусное блюдо: Киноа-салат.",
    "base_price": "272",
    "image": "product_images/pepperoni.png",
    "category": 13,
    "base_ingredients": "Различные ингредиенты."
  }
},
{
  "model": "products.product",
  "pk": 101,
  "fields": {
    "name": "Соевый гуляш",
    "description": "Вкусное блюдо: Соевый гуляш.",
    "base_price": "437",
    "image": "product_images/pepperoni.png",
    "category": 13,
    "base_ingredients": "Различные ингредиенты."
  }
},
{
  "model": "products.product",
  "pk": 102,
  "fields": {
    "name": "Лапша удон",
    "description": "Вкусное блюдо: Лапша удон.",
    "base_price": "406",
    "image": "product_images/pepperoni.png",
    "category": 13,
    "base_ingredients": "Различные ингредиенты."
  }
},
{
  "model": "products.product",
  "pk": 103,
  "fields": {
    "name": "Омлет",
    "description": "Вкусное блюдо: Омлет.",
    "base_price": "271",
    "image": "product_images/pepperoni.png",
    "category": 14,
    "base_ingredients": "Различные ингредиенты."
  }
},
{
  "model": "products.product",
  "pk": 104,
  "fields": {
    "name": "Каша овсяная",
    "description": "Вкусное блюдо: Каша овсяная.",
    "base_price": "471",
    "image": "product_images/pepperoni.png",
    "category": 14,
    "base_ingredients": "Различные ингредиенты."
  }
},
{
  "model": "products.product",
  "pk": 105,
  "fields": {
    "name": "Тосты с джемом",
    "description": "Вкусное блюдо: Тосты с джемом.",
    "base_price": "583",
    "image": "product_images/pepperoni.png",
    "category": 14,
    "base_ingredients": "Различные ингредиенты."
  }
},
{
  "model": "products.product",
  "pk": 106,
  "fields": {
    "name": "Яйцо Бенедикт",
    "description": "Вкусное блюдо: Яйцо Бенедикт.",
    "base_price": "560",
    "image": "product_images/pepperoni.png",
    "category": 14,
    "base_ingredients": "Различные ингредиенты."
  }
},
{
  "model": "products.product",
  "pk": 107,
  "fields": {
    "name": "Сырники",
    "description": "Вкусное блюдо: Сырники.",
    "base_price": "556",
    "image": "product_images/pepperoni.png",
    "category": 14,
    "base_ingredients": "Различные ингредиенты."
  }
},
{
  "model": "products.product",
  "pk": 108,
  "fields": {
    "name": "Панкейки",
    "description": "Вкусное блюдо: Панкейки.",
    "base_price": "233",
    "image": "product_images/pepperoni.png",
    "category": 14,
    "base_ingredients": "Различные ингредиенты."
  }
},
{
  "model": "products.product",
  "pk": 109,
  "fields": {
    "name": "Бекон и яйца",
    "description": "Вкусное блюдо: Бекон и яйца.",
    "base_price": "221",
    "image": "product_images/pepperoni.png",
    "category": 14,
    "base_ingredients": "Различные ингредиенты."
  }
},
{
  "model": "products.product",
  "pk": 110,
  "fields": {
    "name": "Французский тост",
    "description": "Вкусное блюдо: Французский тост.",
    "base_price": "210",
    "image": "product_images/pepperoni.png",
    "category": 14,
    "base_ingredients": "Различные ингредиенты."
  }
},
{
  "model": "products.product",
  "pk": 111,
  "fields": {
    "name": "Гранола",
    "description": "Вкусное блюдо: Гранола.",
    "base_price": "749",
    "image": "product_images/pepperoni.png",
    "category": 14,
    "base_ingredients": "Различные ингредиенты."
  }
},
{
  "model": "products.product",
  "pk": 112,
  "fields": {
    "name": "Шакшука",
    "description": "Вкусное блюдо: Шакшука.",
    "base_price": "362",
    "image": "product_images/pepperoni.png",
    "category": 14,
    "base_ingredients": "Различные ингредиенты."
  }
},
{
  "model": "users.dimokuser",
  "pk": 1,
  "fields": {
    "password": "pbkdf2_sha256$870000$8YdTDZoGa4WyzrXPYxJsfW$XMb1Z3XRwhJjDUROd8/UXOE8+Reetc5ZFVtZtciSEG0=",
    "last_login": null,
    "is_superuser": true,
    "username": "root",
    "last_name": "",
    "email": "",
    "is_staff": true,
    "is_active": true,
    "date_joined": "2025-03-31T09:04:52.317Z",
    "phone": "",
    "bonus": 300,
    "first_name": "",
    "birthday": null,
    "gender": null,
    "address": null,
    "groups": [],
    "user_permissions": []
  }
}
]
